ID,Codi_Districte,Nom_Districte,Situación laboral
23,1,Ciutat Vella,Desempleado
836,1,Ciutat Vella,Desempleado
1025,1,Ciutat Vella,Desempleado
1072,1,Ciutat Vella,Desempleado
1174,1,Ciutat Vella,Desempleado
1176,1,Ciutat Vella,Desempleado
1756,1,Ciutat Vella,Desempleado
1962,1,Ciutat Vella,Desempleado
1993,1,Ciutat Vella,Desempleado
2016,1,Ciutat Vella,Desempleado
2936,1,Ciutat Vella,Desempleado
3364,1,Ciutat Vella,Desempleado
3865,1,Ciutat Vella,Desempleado
4035,1,Ciutat Vella,Desempleado
4169,1,Ciutat Vella,Desempleado
4254,1,Ciutat Vella,Desempleado
4439,1,Ciutat Vella,Desempleado
4954,1,Ciutat Vella,Desempleado
5127,1,Ciutat Vella,Desempleado
5310,1,Ciutat Vella,Desempleado
5570,1,Ciutat Vella,Desempleado
6015,1,Ciutat Vella,Desempleado
6446,1,Ciutat Vella,Desempleado
6524,1,Ciutat Vella,Desempleado
6573,1,Ciutat Vella,Desempleado
6615,1,Ciutat Vella,Desempleado
13,1,Ciutat Vella,Ocupado
325,1,Ciutat Vella,Ocupado
398,1,Ciutat Vella,Ocupado
767,1,Ciutat Vella,Ocupado
932,1,Ciutat Vella,Ocupado
937,1,Ciutat Vella,Ocupado
958,1,Ciutat Vella,Ocupado
992,1,Ciutat Vella,Ocupado
994,1,Ciutat Vella,Ocupado
1017,1,Ciutat Vella,Ocupado
1049,1,Ciutat Vella,Ocupado
1092,1,Ciutat Vella,Ocupado
1124,1,Ciutat Vella,Ocupado
1146,1,Ciutat Vella,Ocupado
1173,1,Ciutat Vella,Ocupado
1350,1,Ciutat Vella,Ocupado
1435,1,Ciutat Vella,Ocupado
1496,1,Ciutat Vella,Ocupado
1573,1,Ciutat Vella,Ocupado
1684,1,Ciutat Vella,Ocupado
1704,1,Ciutat Vella,Ocupado
1774,1,Ciutat Vella,Ocupado
1788,1,Ciutat Vella,Ocupado
1878,1,Ciutat Vella,Ocupado
1939,1,Ciutat Vella,Ocupado
1974,1,Ciutat Vella,Ocupado
1978,1,Ciutat Vella,Ocupado
2046,1,Ciutat Vella,Ocupado
2053,1,Ciutat Vella,Ocupado
2082,1,Ciutat Vella,Ocupado
2152,1,Ciutat Vella,Ocupado
2792,1,Ciutat Vella,Ocupado
2796,1,Ciutat Vella,Ocupado
3035,1,Ciutat Vella,Ocupado
3153,1,Ciutat Vella,Ocupado
3501,1,Ciutat Vella,Ocupado
3547,1,Ciutat Vella,Ocupado
3791,1,Ciutat Vella,Ocupado
3833,1,Ciutat Vella,Ocupado
3924,1,Ciutat Vella,Ocupado
4097,1,Ciutat Vella,Ocupado
4100,1,Ciutat Vella,Ocupado
4146,1,Ciutat Vella,Ocupado
4192,1,Ciutat Vella,Ocupado
4497,1,Ciutat Vella,Ocupado
4503,1,Ciutat Vella,Ocupado
4623,1,Ciutat Vella,Ocupado
4675,1,Ciutat Vella,Ocupado
4798,1,Ciutat Vella,Ocupado
4868,1,Ciutat Vella,Ocupado
5041,1,Ciutat Vella,Ocupado
5109,1,Ciutat Vella,Ocupado
5111,1,Ciutat Vella,Ocupado
5225,1,Ciutat Vella,Ocupado
5250,1,Ciutat Vella,Ocupado
5390,1,Ciutat Vella,Ocupado
5395,1,Ciutat Vella,Ocupado
5403,1,Ciutat Vella,Ocupado
5437,1,Ciutat Vella,Ocupado
5488,1,Ciutat Vella,Ocupado
5612,1,Ciutat Vella,Ocupado
5665,1,Ciutat Vella,Ocupado
5693,1,Ciutat Vella,Ocupado
5747,1,Ciutat Vella,Ocupado
5954,1,Ciutat Vella,Ocupado
5987,1,Ciutat Vella,Ocupado
6189,1,Ciutat Vella,Ocupado
6455,1,Ciutat Vella,Ocupado
6458,1,Ciutat Vella,Ocupado
6554,1,Ciutat Vella,Ocupado
6601,1,Ciutat Vella,Ocupado
6614,1,Ciutat Vella,Ocupado
6634,1,Ciutat Vella,Ocupado
6722,1,Ciutat Vella,Ocupado
6963,1,Ciutat Vella,Ocupado
7171,1,Ciutat Vella,Ocupado
7331,1,Ciutat Vella,Ocupado
342,1,Ciutat Vella,Otras_situaciones
399,1,Ciutat Vella,Otras_situaciones
406,1,Ciutat Vella,Otras_situaciones
498,1,Ciutat Vella,Otras_situaciones
540,1,Ciutat Vella,Otras_situaciones
557,1,Ciutat Vella,Otras_situaciones
613,1,Ciutat Vella,Otras_situaciones
647,1,Ciutat Vella,Otras_situaciones
679,1,Ciutat Vella,Otras_situaciones
688,1,Ciutat Vella,Otras_situaciones
863,1,Ciutat Vella,Otras_situaciones
1046,1,Ciutat Vella,Otras_situaciones
1395,1,Ciutat Vella,Otras_situaciones
1396,1,Ciutat Vella,Otras_situaciones
1518,1,Ciutat Vella,Otras_situaciones
1632,1,Ciutat Vella,Otras_situaciones
1680,1,Ciutat Vella,Otras_situaciones
1852,1,Ciutat Vella,Otras_situaciones
1883,1,Ciutat Vella,Otras_situaciones
2493,1,Ciutat Vella,Otras_situaciones
2748,1,Ciutat Vella,Otras_situaciones
3255,1,Ciutat Vella,Otras_situaciones
3435,1,Ciutat Vella,Otras_situaciones
4025,1,Ciutat Vella,Otras_situaciones
5438,1,Ciutat Vella,Otras_situaciones
5831,1,Ciutat Vella,Otras_situaciones
6352,1,Ciutat Vella,Otras_situaciones
6737,1,Ciutat Vella,Otras_situaciones
6904,1,Ciutat Vella,Otras_situaciones
7334,1,Ciutat Vella,Otras_situaciones
5,2,Eixample,Desempleado
640,2,Eixample,Desempleado
814,2,Eixample,Desempleado
905,2,Eixample,Desempleado
957,2,Eixample,Desempleado
989,2,Eixample,Desempleado
1391,2,Eixample,Desempleado
1460,2,Eixample,Desempleado
1488,2,Eixample,Desempleado
1614,2,Eixample,Desempleado
1917,2,Eixample,Desempleado
2060,2,Eixample,Desempleado
2102,2,Eixample,Desempleado
2312,2,Eixample,Desempleado
3334,2,Eixample,Desempleado
3540,2,Eixample,Desempleado
3858,2,Eixample,Desempleado
4028,2,Eixample,Desempleado
4202,2,Eixample,Desempleado
4261,2,Eixample,Desempleado
4421,2,Eixample,Desempleado
4875,2,Eixample,Desempleado
5262,2,Eixample,Desempleado
5318,2,Eixample,Desempleado
5716,2,Eixample,Desempleado
5800,2,Eixample,Desempleado
5807,2,Eixample,Desempleado
6504,2,Eixample,Desempleado
6632,2,Eixample,Desempleado
6723,2,Eixample,Desempleado
6743,2,Eixample,Desempleado
6987,2,Eixample,Desempleado
18,2,Eixample,Ocupado
90,2,Eixample,Ocupado
93,2,Eixample,Ocupado
145,2,Eixample,Ocupado
201,2,Eixample,Ocupado
238,2,Eixample,Ocupado
240,2,Eixample,Ocupado
251,2,Eixample,Ocupado
252,2,Eixample,Ocupado
314,2,Eixample,Ocupado
331,2,Eixample,Ocupado
378,2,Eixample,Ocupado
397,2,Eixample,Ocupado
428,2,Eixample,Ocupado
430,2,Eixample,Ocupado
499,2,Eixample,Ocupado
521,2,Eixample,Ocupado
549,2,Eixample,Ocupado
551,2,Eixample,Ocupado
582,2,Eixample,Ocupado
666,2,Eixample,Ocupado
699,2,Eixample,Ocupado
709,2,Eixample,Ocupado
751,2,Eixample,Ocupado
849,2,Eixample,Ocupado
910,2,Eixample,Ocupado
929,2,Eixample,Ocupado
947,2,Eixample,Ocupado
950,2,Eixample,Ocupado
983,2,Eixample,Ocupado
988,2,Eixample,Ocupado
1018,2,Eixample,Ocupado
1031,2,Eixample,Ocupado
1044,2,Eixample,Ocupado
1054,2,Eixample,Ocupado
1083,2,Eixample,Ocupado
1131,2,Eixample,Ocupado
1193,2,Eixample,Ocupado
1207,2,Eixample,Ocupado
1262,2,Eixample,Ocupado
1286,2,Eixample,Ocupado
1287,2,Eixample,Ocupado
1332,2,Eixample,Ocupado
1373,2,Eixample,Ocupado
1394,2,Eixample,Ocupado
1438,2,Eixample,Ocupado
1453,2,Eixample,Ocupado
1477,2,Eixample,Ocupado
1572,2,Eixample,Ocupado
1599,2,Eixample,Ocupado
1603,2,Eixample,Ocupado
1606,2,Eixample,Ocupado
1625,2,Eixample,Ocupado
1634,2,Eixample,Ocupado
1679,2,Eixample,Ocupado
1699,2,Eixample,Ocupado
1746,2,Eixample,Ocupado
1768,2,Eixample,Ocupado
1779,2,Eixample,Ocupado
1806,2,Eixample,Ocupado
1838,2,Eixample,Ocupado
1885,2,Eixample,Ocupado
1891,2,Eixample,Ocupado
1956,2,Eixample,Ocupado
2012,2,Eixample,Ocupado
2110,2,Eixample,Ocupado
2124,2,Eixample,Ocupado
2133,2,Eixample,Ocupado
2149,2,Eixample,Ocupado
2161,2,Eixample,Ocupado
2184,2,Eixample,Ocupado
2233,2,Eixample,Ocupado
2242,2,Eixample,Ocupado
2260,2,Eixample,Ocupado
2336,2,Eixample,Ocupado
2344,2,Eixample,Ocupado
2413,2,Eixample,Ocupado
2443,2,Eixample,Ocupado
2548,2,Eixample,Ocupado
2553,2,Eixample,Ocupado
2554,2,Eixample,Ocupado
2625,2,Eixample,Ocupado
2661,2,Eixample,Ocupado
2665,2,Eixample,Ocupado
2705,2,Eixample,Ocupado
2783,2,Eixample,Ocupado
2836,2,Eixample,Ocupado
2848,2,Eixample,Ocupado
2886,2,Eixample,Ocupado
2901,2,Eixample,Ocupado
2943,2,Eixample,Ocupado
3041,2,Eixample,Ocupado
3080,2,Eixample,Ocupado
3119,2,Eixample,Ocupado
3159,2,Eixample,Ocupado
3196,2,Eixample,Ocupado
3197,2,Eixample,Ocupado
3279,2,Eixample,Ocupado
3328,2,Eixample,Ocupado
3337,2,Eixample,Ocupado
3408,2,Eixample,Ocupado
3416,2,Eixample,Ocupado
3437,2,Eixample,Ocupado
3464,2,Eixample,Ocupado
3491,2,Eixample,Ocupado
3494,2,Eixample,Ocupado
3520,2,Eixample,Ocupado
3536,2,Eixample,Ocupado
3592,2,Eixample,Ocupado
3600,2,Eixample,Ocupado
3609,2,Eixample,Ocupado
3611,2,Eixample,Ocupado
3687,2,Eixample,Ocupado
3815,2,Eixample,Ocupado
3856,2,Eixample,Ocupado
3859,2,Eixample,Ocupado
3868,2,Eixample,Ocupado
3944,2,Eixample,Ocupado
3969,2,Eixample,Ocupado
3999,2,Eixample,Ocupado
4011,2,Eixample,Ocupado
4083,2,Eixample,Ocupado
4084,2,Eixample,Ocupado
4102,2,Eixample,Ocupado
4174,2,Eixample,Ocupado
4180,2,Eixample,Ocupado
4182,2,Eixample,Ocupado
4197,2,Eixample,Ocupado
4228,2,Eixample,Ocupado
4235,2,Eixample,Ocupado
4249,2,Eixample,Ocupado
4353,2,Eixample,Ocupado
4361,2,Eixample,Ocupado
4388,2,Eixample,Ocupado
4412,2,Eixample,Ocupado
4422,2,Eixample,Ocupado
4442,2,Eixample,Ocupado
4443,2,Eixample,Ocupado
4470,2,Eixample,Ocupado
4474,2,Eixample,Ocupado
4481,2,Eixample,Ocupado
4499,2,Eixample,Ocupado
4510,2,Eixample,Ocupado
4511,2,Eixample,Ocupado
4518,2,Eixample,Ocupado
4556,2,Eixample,Ocupado
4561,2,Eixample,Ocupado
4668,2,Eixample,Ocupado
4698,2,Eixample,Ocupado
4733,2,Eixample,Ocupado
4749,2,Eixample,Ocupado
4758,2,Eixample,Ocupado
4784,2,Eixample,Ocupado
4799,2,Eixample,Ocupado
4822,2,Eixample,Ocupado
4834,2,Eixample,Ocupado
4844,2,Eixample,Ocupado
4895,2,Eixample,Ocupado
4900,2,Eixample,Ocupado
4985,2,Eixample,Ocupado
5049,2,Eixample,Ocupado
5062,2,Eixample,Ocupado
5116,2,Eixample,Ocupado
5150,2,Eixample,Ocupado
5197,2,Eixample,Ocupado
5201,2,Eixample,Ocupado
5230,2,Eixample,Ocupado
5291,2,Eixample,Ocupado
5309,2,Eixample,Ocupado
5338,2,Eixample,Ocupado
5379,2,Eixample,Ocupado
5388,2,Eixample,Ocupado
5400,2,Eixample,Ocupado
5405,2,Eixample,Ocupado
5440,2,Eixample,Ocupado
5442,2,Eixample,Ocupado
5447,2,Eixample,Ocupado
5459,2,Eixample,Ocupado
5463,2,Eixample,Ocupado
5501,2,Eixample,Ocupado
5528,2,Eixample,Ocupado
5544,2,Eixample,Ocupado
5550,2,Eixample,Ocupado
5583,2,Eixample,Ocupado
5585,2,Eixample,Ocupado
5602,2,Eixample,Ocupado
5607,2,Eixample,Ocupado
5610,2,Eixample,Ocupado
5696,2,Eixample,Ocupado
5735,2,Eixample,Ocupado
5740,2,Eixample,Ocupado
5785,2,Eixample,Ocupado
5789,2,Eixample,Ocupado
5798,2,Eixample,Ocupado
5801,2,Eixample,Ocupado
5834,2,Eixample,Ocupado
5873,2,Eixample,Ocupado
5897,2,Eixample,Ocupado
5903,2,Eixample,Ocupado
5926,2,Eixample,Ocupado
6001,2,Eixample,Ocupado
6110,2,Eixample,Ocupado
6111,2,Eixample,Ocupado
6125,2,Eixample,Ocupado
6164,2,Eixample,Ocupado
6174,2,Eixample,Ocupado
6187,2,Eixample,Ocupado
6229,2,Eixample,Ocupado
6241,2,Eixample,Ocupado
6249,2,Eixample,Ocupado
6264,2,Eixample,Ocupado
6292,2,Eixample,Ocupado
6310,2,Eixample,Ocupado
6337,2,Eixample,Ocupado
6344,2,Eixample,Ocupado
6434,2,Eixample,Ocupado
6637,2,Eixample,Ocupado
6765,2,Eixample,Ocupado
6839,2,Eixample,Ocupado
6861,2,Eixample,Ocupado
6925,2,Eixample,Ocupado
6934,2,Eixample,Ocupado
6971,2,Eixample,Ocupado
7048,2,Eixample,Ocupado
7176,2,Eixample,Ocupado
7210,2,Eixample,Ocupado
7241,2,Eixample,Ocupado
7354,2,Eixample,Ocupado
8003,2,Eixample,Ocupado
8004,2,Eixample,Ocupado
8017,2,Eixample,Ocupado
8048,2,Eixample,Ocupado
12,2,Eixample,Otras_situaciones
16,2,Eixample,Otras_situaciones
25,2,Eixample,Otras_situaciones
27,2,Eixample,Otras_situaciones
28,2,Eixample,Otras_situaciones
49,2,Eixample,Otras_situaciones
63,2,Eixample,Otras_situaciones
100,2,Eixample,Otras_situaciones
106,2,Eixample,Otras_situaciones
150,2,Eixample,Otras_situaciones
166,2,Eixample,Otras_situaciones
206,2,Eixample,Otras_situaciones
212,2,Eixample,Otras_situaciones
218,2,Eixample,Otras_situaciones
230,2,Eixample,Otras_situaciones
243,2,Eixample,Otras_situaciones
255,2,Eixample,Otras_situaciones
258,2,Eixample,Otras_situaciones
266,2,Eixample,Otras_situaciones
279,2,Eixample,Otras_situaciones
316,2,Eixample,Otras_situaciones
317,2,Eixample,Otras_situaciones
329,2,Eixample,Otras_situaciones
367,2,Eixample,Otras_situaciones
371,2,Eixample,Otras_situaciones
379,2,Eixample,Otras_situaciones
393,2,Eixample,Otras_situaciones
418,2,Eixample,Otras_situaciones
438,2,Eixample,Otras_situaciones
449,2,Eixample,Otras_situaciones
469,2,Eixample,Otras_situaciones
473,2,Eixample,Otras_situaciones
535,2,Eixample,Otras_situaciones
554,2,Eixample,Otras_situaciones
570,2,Eixample,Otras_situaciones
571,2,Eixample,Otras_situaciones
590,2,Eixample,Otras_situaciones
629,2,Eixample,Otras_situaciones
660,2,Eixample,Otras_situaciones
697,2,Eixample,Otras_situaciones
701,2,Eixample,Otras_situaciones
729,2,Eixample,Otras_situaciones
749,2,Eixample,Otras_situaciones
754,2,Eixample,Otras_situaciones
864,2,Eixample,Otras_situaciones
885,2,Eixample,Otras_situaciones
890,2,Eixample,Otras_situaciones
990,2,Eixample,Otras_situaciones
1080,2,Eixample,Otras_situaciones
1094,2,Eixample,Otras_situaciones
1102,2,Eixample,Otras_situaciones
1114,2,Eixample,Otras_situaciones
1115,2,Eixample,Otras_situaciones
1126,2,Eixample,Otras_situaciones
1161,2,Eixample,Otras_situaciones
1162,2,Eixample,Otras_situaciones
1199,2,Eixample,Otras_situaciones
1244,2,Eixample,Otras_situaciones
1278,2,Eixample,Otras_situaciones
1288,2,Eixample,Otras_situaciones
1310,2,Eixample,Otras_situaciones
1326,2,Eixample,Otras_situaciones
1328,2,Eixample,Otras_situaciones
1356,2,Eixample,Otras_situaciones
1372,2,Eixample,Otras_situaciones
1463,2,Eixample,Otras_situaciones
1483,2,Eixample,Otras_situaciones
1484,2,Eixample,Otras_situaciones
1523,2,Eixample,Otras_situaciones
1562,2,Eixample,Otras_situaciones
1566,2,Eixample,Otras_situaciones
1588,2,Eixample,Otras_situaciones
1607,2,Eixample,Otras_situaciones
1688,2,Eixample,Otras_situaciones
1720,2,Eixample,Otras_situaciones
1723,2,Eixample,Otras_situaciones
1728,2,Eixample,Otras_situaciones
1731,2,Eixample,Otras_situaciones
1792,2,Eixample,Otras_situaciones
1819,2,Eixample,Otras_situaciones
1864,2,Eixample,Otras_situaciones
1869,2,Eixample,Otras_situaciones
1875,2,Eixample,Otras_situaciones
1932,2,Eixample,Otras_situaciones
1945,2,Eixample,Otras_situaciones
1947,2,Eixample,Otras_situaciones
1985,2,Eixample,Otras_situaciones
1987,2,Eixample,Otras_situaciones
2021,2,Eixample,Otras_situaciones
2026,2,Eixample,Otras_situaciones
2039,2,Eixample,Otras_situaciones
2075,2,Eixample,Otras_situaciones
2091,2,Eixample,Otras_situaciones
2125,2,Eixample,Otras_situaciones
2130,2,Eixample,Otras_situaciones
2135,2,Eixample,Otras_situaciones
2139,2,Eixample,Otras_situaciones
2154,2,Eixample,Otras_situaciones
2175,2,Eixample,Otras_situaciones
2178,2,Eixample,Otras_situaciones
2188,2,Eixample,Otras_situaciones
2197,2,Eixample,Otras_situaciones
2206,2,Eixample,Otras_situaciones
2241,2,Eixample,Otras_situaciones
2249,2,Eixample,Otras_situaciones
2253,2,Eixample,Otras_situaciones
2278,2,Eixample,Otras_situaciones
2334,2,Eixample,Otras_situaciones
2378,2,Eixample,Otras_situaciones
2380,2,Eixample,Otras_situaciones
2396,2,Eixample,Otras_situaciones
2417,2,Eixample,Otras_situaciones
2434,2,Eixample,Otras_situaciones
2497,2,Eixample,Otras_situaciones
2534,2,Eixample,Otras_situaciones
2546,2,Eixample,Otras_situaciones
2596,2,Eixample,Otras_situaciones
2600,2,Eixample,Otras_situaciones
2626,2,Eixample,Otras_situaciones
2644,2,Eixample,Otras_situaciones
2645,2,Eixample,Otras_situaciones
2662,2,Eixample,Otras_situaciones
2686,2,Eixample,Otras_situaciones
2692,2,Eixample,Otras_situaciones
2703,2,Eixample,Otras_situaciones
2706,2,Eixample,Otras_situaciones
2738,2,Eixample,Otras_situaciones
2802,2,Eixample,Otras_situaciones
2831,2,Eixample,Otras_situaciones
2864,2,Eixample,Otras_situaciones
2888,2,Eixample,Otras_situaciones
2893,2,Eixample,Otras_situaciones
2896,2,Eixample,Otras_situaciones
2909,2,Eixample,Otras_situaciones
2914,2,Eixample,Otras_situaciones
2926,2,Eixample,Otras_situaciones
2927,2,Eixample,Otras_situaciones
2932,2,Eixample,Otras_situaciones
2951,2,Eixample,Otras_situaciones
2966,2,Eixample,Otras_situaciones
2972,2,Eixample,Otras_situaciones
2976,2,Eixample,Otras_situaciones
3103,2,Eixample,Otras_situaciones
3174,2,Eixample,Otras_situaciones
3214,2,Eixample,Otras_situaciones
3252,2,Eixample,Otras_situaciones
3270,2,Eixample,Otras_situaciones
3282,2,Eixample,Otras_situaciones
3320,2,Eixample,Otras_situaciones
3321,2,Eixample,Otras_situaciones
3349,2,Eixample,Otras_situaciones
3389,2,Eixample,Otras_situaciones
3412,2,Eixample,Otras_situaciones
3431,2,Eixample,Otras_situaciones
3474,2,Eixample,Otras_situaciones
3613,2,Eixample,Otras_situaciones
3948,2,Eixample,Otras_situaciones
4037,2,Eixample,Otras_situaciones
4346,2,Eixample,Otras_situaciones
4461,2,Eixample,Otras_situaciones
4494,2,Eixample,Otras_situaciones
4573,2,Eixample,Otras_situaciones
4618,2,Eixample,Otras_situaciones
4804,2,Eixample,Otras_situaciones
5182,2,Eixample,Otras_situaciones
5224,2,Eixample,Otras_situaciones
5327,2,Eixample,Otras_situaciones
5426,2,Eixample,Otras_situaciones
5704,2,Eixample,Otras_situaciones
5787,2,Eixample,Otras_situaciones
5794,2,Eixample,Otras_situaciones
5930,2,Eixample,Otras_situaciones
6175,2,Eixample,Otras_situaciones
6312,2,Eixample,Otras_situaciones
6324,2,Eixample,Otras_situaciones
6460,2,Eixample,Otras_situaciones
6544,2,Eixample,Otras_situaciones
6618,2,Eixample,Otras_situaciones
8001,2,Eixample,Otras_situaciones
8016,2,Eixample,Otras_situaciones
8049,2,Eixample,Otras_situaciones
196,3,Sants - Montjuïc,Desempleado
205,3,Sants - Montjuïc,Desempleado
303,3,Sants - Montjuïc,Desempleado
607,3,Sants - Montjuïc,Desempleado
917,3,Sants - Montjuïc,Desempleado
928,3,Sants - Montjuïc,Desempleado
949,3,Sants - Montjuïc,Desempleado
987,3,Sants - Montjuïc,Desempleado
1155,3,Sants - Montjuïc,Desempleado
1475,3,Sants - Montjuïc,Desempleado
1533,3,Sants - Montjuïc,Desempleado
1662,3,Sants - Montjuïc,Desempleado
1825,3,Sants - Montjuïc,Desempleado
1835,3,Sants - Montjuïc,Desempleado
1953,3,Sants - Montjuïc,Desempleado
1972,3,Sants - Montjuïc,Desempleado
3034,3,Sants - Montjuïc,Desempleado
3100,3,Sants - Montjuïc,Desempleado
3564,3,Sants - Montjuïc,Desempleado
4059,3,Sants - Montjuïc,Desempleado
4076,3,Sants - Montjuïc,Desempleado
4664,3,Sants - Montjuïc,Desempleado
4859,3,Sants - Montjuïc,Desempleado
5638,3,Sants - Montjuïc,Desempleado
5648,3,Sants - Montjuïc,Desempleado
5793,3,Sants - Montjuïc,Desempleado
6447,3,Sants - Montjuïc,Desempleado
6481,3,Sants - Montjuïc,Desempleado
6528,3,Sants - Montjuïc,Desempleado
6543,3,Sants - Montjuïc,Desempleado
6595,3,Sants - Montjuïc,Desempleado
6706,3,Sants - Montjuïc,Desempleado
7032,3,Sants - Montjuïc,Desempleado
154,3,Sants - Montjuïc,Ocupado
160,3,Sants - Montjuïc,Ocupado
261,3,Sants - Montjuïc,Ocupado
426,3,Sants - Montjuïc,Ocupado
445,3,Sants - Montjuïc,Ocupado
491,3,Sants - Montjuïc,Ocupado
505,3,Sants - Montjuïc,Ocupado
532,3,Sants - Montjuïc,Ocupado
585,3,Sants - Montjuïc,Ocupado
687,3,Sants - Montjuïc,Ocupado
933,3,Sants - Montjuïc,Ocupado
936,3,Sants - Montjuïc,Ocupado
967,3,Sants - Montjuïc,Ocupado
969,3,Sants - Montjuïc,Ocupado
977,3,Sants - Montjuïc,Ocupado
1023,3,Sants - Montjuïc,Ocupado
1028,3,Sants - Montjuïc,Ocupado
1055,3,Sants - Montjuïc,Ocupado
1058,3,Sants - Montjuïc,Ocupado
1084,3,Sants - Montjuïc,Ocupado
1086,3,Sants - Montjuïc,Ocupado
1145,3,Sants - Montjuïc,Ocupado
1229,3,Sants - Montjuïc,Ocupado
1315,3,Sants - Montjuïc,Ocupado
1324,3,Sants - Montjuïc,Ocupado
1349,3,Sants - Montjuïc,Ocupado
1376,3,Sants - Montjuïc,Ocupado
1498,3,Sants - Montjuïc,Ocupado
1535,3,Sants - Montjuïc,Ocupado
1586,3,Sants - Montjuïc,Ocupado
1641,3,Sants - Montjuïc,Ocupado
1649,3,Sants - Montjuïc,Ocupado
1659,3,Sants - Montjuïc,Ocupado
1686,3,Sants - Montjuïc,Ocupado
1711,3,Sants - Montjuïc,Ocupado
1736,3,Sants - Montjuïc,Ocupado
1772,3,Sants - Montjuïc,Ocupado
1832,3,Sants - Montjuïc,Ocupado
1839,3,Sants - Montjuïc,Ocupado
1876,3,Sants - Montjuïc,Ocupado
2041,3,Sants - Montjuïc,Ocupado
2055,3,Sants - Montjuïc,Ocupado
2475,3,Sants - Montjuïc,Ocupado
3485,3,Sants - Montjuïc,Ocupado
3691,3,Sants - Montjuïc,Ocupado
3936,3,Sants - Montjuïc,Ocupado
4034,3,Sants - Montjuïc,Ocupado
4572,3,Sants - Montjuïc,Ocupado
4577,3,Sants - Montjuïc,Ocupado
4602,3,Sants - Montjuïc,Ocupado
4678,3,Sants - Montjuïc,Ocupado
4679,3,Sants - Montjuïc,Ocupado
4684,3,Sants - Montjuïc,Ocupado
4729,3,Sants - Montjuïc,Ocupado
5152,3,Sants - Montjuïc,Ocupado
5336,3,Sants - Montjuïc,Ocupado
5420,3,Sants - Montjuïc,Ocupado
5448,3,Sants - Montjuïc,Ocupado
5698,3,Sants - Montjuïc,Ocupado
5775,3,Sants - Montjuïc,Ocupado
5835,3,Sants - Montjuïc,Ocupado
5844,3,Sants - Montjuïc,Ocupado
5864,3,Sants - Montjuïc,Ocupado
5898,3,Sants - Montjuïc,Ocupado
6114,3,Sants - Montjuïc,Ocupado
6180,3,Sants - Montjuïc,Ocupado
6209,3,Sants - Montjuïc,Ocupado
6436,3,Sants - Montjuïc,Ocupado
6628,3,Sants - Montjuïc,Ocupado
6660,3,Sants - Montjuïc,Ocupado
6817,3,Sants - Montjuïc,Ocupado
6865,3,Sants - Montjuïc,Ocupado
6980,3,Sants - Montjuïc,Ocupado
7217,3,Sants - Montjuïc,Ocupado
7245,3,Sants - Montjuïc,Ocupado
7361,3,Sants - Montjuïc,Ocupado
110,3,Sants - Montjuïc,Otras_situaciones
120,3,Sants - Montjuïc,Otras_situaciones
163,3,Sants - Montjuïc,Otras_situaciones
165,3,Sants - Montjuïc,Otras_situaciones
171,3,Sants - Montjuïc,Otras_situaciones
228,3,Sants - Montjuïc,Otras_situaciones
308,3,Sants - Montjuïc,Otras_situaciones
376,3,Sants - Montjuïc,Otras_situaciones
414,3,Sants - Montjuïc,Otras_situaciones
429,3,Sants - Montjuïc,Otras_situaciones
471,3,Sants - Montjuïc,Otras_situaciones
501,3,Sants - Montjuïc,Otras_situaciones
550,3,Sants - Montjuïc,Otras_situaciones
838,3,Sants - Montjuïc,Otras_situaciones
841,3,Sants - Montjuïc,Otras_situaciones
953,3,Sants - Montjuïc,Otras_situaciones
1170,3,Sants - Montjuïc,Otras_situaciones
1205,3,Sants - Montjuïc,Otras_situaciones
1465,3,Sants - Montjuïc,Otras_situaciones
1910,3,Sants - Montjuïc,Otras_situaciones
2077,3,Sants - Montjuïc,Otras_situaciones
2151,3,Sants - Montjuïc,Otras_situaciones
2160,3,Sants - Montjuïc,Otras_situaciones
2297,3,Sants - Montjuïc,Otras_situaciones
2302,3,Sants - Montjuïc,Otras_situaciones
2351,3,Sants - Montjuïc,Otras_situaciones
2404,3,Sants - Montjuïc,Otras_situaciones
2569,3,Sants - Montjuïc,Otras_situaciones
2666,3,Sants - Montjuïc,Otras_situaciones
2928,3,Sants - Montjuïc,Otras_situaciones
3025,3,Sants - Montjuïc,Otras_situaciones
3066,3,Sants - Montjuïc,Otras_situaciones
3195,3,Sants - Montjuïc,Otras_situaciones
3874,3,Sants - Montjuïc,Otras_situaciones
4127,3,Sants - Montjuïc,Otras_situaciones
4919,3,Sants - Montjuïc,Otras_situaciones
5335,3,Sants - Montjuïc,Otras_situaciones
6876,3,Sants - Montjuïc,Otras_situaciones
275,4,Les Corts,Desempleado
423,4,Les Corts,Desempleado
815,4,Les Corts,Desempleado
1760,4,Les Corts,Desempleado
2353,4,Les Corts,Desempleado
2608,4,Les Corts,Desempleado
4191,4,Les Corts,Desempleado
4359,4,Les Corts,Desempleado
4486,4,Les Corts,Desempleado
4897,4,Les Corts,Desempleado
5260,4,Les Corts,Desempleado
5477,4,Les Corts,Desempleado
5562,4,Les Corts,Desempleado
6357,4,Les Corts,Desempleado
6470,4,Les Corts,Desempleado
6689,4,Les Corts,Desempleado
33,4,Les Corts,Ocupado
256,4,Les Corts,Ocupado
288,4,Les Corts,Ocupado
392,4,Les Corts,Ocupado
483,4,Les Corts,Ocupado
489,4,Les Corts,Ocupado
556,4,Les Corts,Ocupado
663,4,Les Corts,Ocupado
674,4,Les Corts,Ocupado
680,4,Les Corts,Ocupado
896,4,Les Corts,Ocupado
907,4,Les Corts,Ocupado
915,4,Les Corts,Ocupado
946,4,Les Corts,Ocupado
1050,4,Les Corts,Ocupado
1138,4,Les Corts,Ocupado
1147,4,Les Corts,Ocupado
1172,4,Les Corts,Ocupado
1201,4,Les Corts,Ocupado
1206,4,Les Corts,Ocupado
1323,4,Les Corts,Ocupado
1390,4,Les Corts,Ocupado
1458,4,Les Corts,Ocupado
1482,4,Les Corts,Ocupado
1516,4,Les Corts,Ocupado
1585,4,Les Corts,Ocupado
1642,4,Les Corts,Ocupado
1690,4,Les Corts,Ocupado
1698,4,Les Corts,Ocupado
1776,4,Les Corts,Ocupado
1907,4,Les Corts,Ocupado
1926,4,Les Corts,Ocupado
1963,4,Les Corts,Ocupado
2027,4,Les Corts,Ocupado
2064,4,Les Corts,Ocupado
2286,4,Les Corts,Ocupado
2331,4,Les Corts,Ocupado
2452,4,Les Corts,Ocupado
2556,4,Les Corts,Ocupado
2582,4,Les Corts,Ocupado
2598,4,Les Corts,Ocupado
2620,4,Les Corts,Ocupado
2875,4,Les Corts,Ocupado
3244,4,Les Corts,Ocupado
3300,4,Les Corts,Ocupado
3363,4,Les Corts,Ocupado
3375,4,Les Corts,Ocupado
3594,4,Les Corts,Ocupado
3722,4,Les Corts,Ocupado
3968,4,Les Corts,Ocupado
4049,4,Les Corts,Ocupado
4110,4,Les Corts,Ocupado
4116,4,Les Corts,Ocupado
4120,4,Les Corts,Ocupado
4142,4,Les Corts,Ocupado
4223,4,Les Corts,Ocupado
4276,4,Les Corts,Ocupado
4278,4,Les Corts,Ocupado
4322,4,Les Corts,Ocupado
4495,4,Les Corts,Ocupado
4579,4,Les Corts,Ocupado
4630,4,Les Corts,Ocupado
4648,4,Les Corts,Ocupado
4656,4,Les Corts,Ocupado
4689,4,Les Corts,Ocupado
4754,4,Les Corts,Ocupado
5162,4,Les Corts,Ocupado
5172,4,Les Corts,Ocupado
5190,4,Les Corts,Ocupado
5299,4,Les Corts,Ocupado
5324,4,Les Corts,Ocupado
5380,4,Les Corts,Ocupado
5396,4,Les Corts,Ocupado
5398,4,Les Corts,Ocupado
5471,4,Les Corts,Ocupado
5494,4,Les Corts,Ocupado
5540,4,Les Corts,Ocupado
5553,4,Les Corts,Ocupado
5688,4,Les Corts,Ocupado
5695,4,Les Corts,Ocupado
5783,4,Les Corts,Ocupado
5804,4,Les Corts,Ocupado
5817,4,Les Corts,Ocupado
5889,4,Les Corts,Ocupado
5958,4,Les Corts,Ocupado
6167,4,Les Corts,Ocupado
6355,4,Les Corts,Ocupado
6360,4,Les Corts,Ocupado
6363,4,Les Corts,Ocupado
6415,4,Les Corts,Ocupado
7268,4,Les Corts,Ocupado
248,4,Les Corts,Otras_situaciones
305,4,Les Corts,Otras_situaciones
306,4,Les Corts,Otras_situaciones
311,4,Les Corts,Otras_situaciones
381,4,Les Corts,Otras_situaciones
432,4,Les Corts,Otras_situaciones
583,4,Les Corts,Otras_situaciones
605,4,Les Corts,Otras_situaciones
633,4,Les Corts,Otras_situaciones
656,4,Les Corts,Otras_situaciones
658,4,Les Corts,Otras_situaciones
731,4,Les Corts,Otras_situaciones
743,4,Les Corts,Otras_situaciones
802,4,Les Corts,Otras_situaciones
827,4,Les Corts,Otras_situaciones
839,4,Les Corts,Otras_situaciones
884,4,Les Corts,Otras_situaciones
898,4,Les Corts,Otras_situaciones
912,4,Les Corts,Otras_situaciones
943,4,Les Corts,Otras_situaciones
979,4,Les Corts,Otras_situaciones
981,4,Les Corts,Otras_situaciones
1099,4,Les Corts,Otras_situaciones
1108,4,Les Corts,Otras_situaciones
1289,4,Les Corts,Otras_situaciones
1317,4,Les Corts,Otras_situaciones
1432,4,Les Corts,Otras_situaciones
1433,4,Les Corts,Otras_situaciones
1506,4,Les Corts,Otras_situaciones
1540,4,Les Corts,Otras_situaciones
1592,4,Les Corts,Otras_situaciones
1655,4,Les Corts,Otras_situaciones
1696,4,Les Corts,Otras_situaciones
1733,4,Les Corts,Otras_situaciones
1749,4,Les Corts,Otras_situaciones
1817,4,Les Corts,Otras_situaciones
1889,4,Les Corts,Otras_situaciones
1954,4,Les Corts,Otras_situaciones
2020,4,Les Corts,Otras_situaciones
2085,4,Les Corts,Otras_situaciones
2119,4,Les Corts,Otras_situaciones
2158,4,Les Corts,Otras_situaciones
2198,4,Les Corts,Otras_situaciones
2248,4,Les Corts,Otras_situaciones
2275,4,Les Corts,Otras_situaciones
2325,4,Les Corts,Otras_situaciones
2390,4,Les Corts,Otras_situaciones
2392,4,Les Corts,Otras_situaciones
2442,4,Les Corts,Otras_situaciones
2448,4,Les Corts,Otras_situaciones
2449,4,Les Corts,Otras_situaciones
2602,4,Les Corts,Otras_situaciones
2615,4,Les Corts,Otras_situaciones
2776,4,Les Corts,Otras_situaciones
2843,4,Les Corts,Otras_situaciones
2859,4,Les Corts,Otras_situaciones
3293,4,Les Corts,Otras_situaciones
3331,4,Les Corts,Otras_situaciones
3336,4,Les Corts,Otras_situaciones
3347,4,Les Corts,Otras_situaciones
3350,4,Les Corts,Otras_situaciones
3443,4,Les Corts,Otras_situaciones
3448,4,Les Corts,Otras_situaciones
3463,4,Les Corts,Otras_situaciones
3531,4,Les Corts,Otras_situaciones
3533,4,Les Corts,Otras_situaciones
3551,4,Les Corts,Otras_situaciones
3619,4,Les Corts,Otras_situaciones
3787,4,Les Corts,Otras_situaciones
3860,4,Les Corts,Otras_situaciones
3887,4,Les Corts,Otras_situaciones
4061,4,Les Corts,Otras_situaciones
4082,4,Les Corts,Otras_situaciones
4145,4,Les Corts,Otras_situaciones
4171,4,Les Corts,Otras_situaciones
4178,4,Les Corts,Otras_situaciones
4334,4,Les Corts,Otras_situaciones
4364,4,Les Corts,Otras_situaciones
4466,4,Les Corts,Otras_situaciones
4473,4,Les Corts,Otras_situaciones
5017,4,Les Corts,Otras_situaciones
5189,4,Les Corts,Otras_situaciones
5759,4,Les Corts,Otras_situaciones
5839,4,Les Corts,Otras_situaciones
15,5,Sarrià - Sant Gervasi,Desempleado
422,5,Sarrià - Sant Gervasi,Desempleado
777,5,Sarrià - Sant Gervasi,Desempleado
892,5,Sarrià - Sant Gervasi,Desempleado
1043,5,Sarrià - Sant Gervasi,Desempleado
1113,5,Sarrià - Sant Gervasi,Desempleado
1219,5,Sarrià - Sant Gervasi,Desempleado
1537,5,Sarrià - Sant Gervasi,Desempleado
1701,5,Sarrià - Sant Gervasi,Desempleado
1766,5,Sarrià - Sant Gervasi,Desempleado
2156,5,Sarrià - Sant Gervasi,Desempleado
2679,5,Sarrià - Sant Gervasi,Desempleado
2813,5,Sarrià - Sant Gervasi,Desempleado
3116,5,Sarrià - Sant Gervasi,Desempleado
4081,5,Sarrià - Sant Gervasi,Desempleado
4213,5,Sarrià - Sant Gervasi,Desempleado
4755,5,Sarrià - Sant Gervasi,Desempleado
4845,5,Sarrià - Sant Gervasi,Desempleado
5173,5,Sarrià - Sant Gervasi,Desempleado
5215,5,Sarrià - Sant Gervasi,Desempleado
5439,5,Sarrià - Sant Gervasi,Desempleado
5485,5,Sarrià - Sant Gervasi,Desempleado
5634,5,Sarrià - Sant Gervasi,Desempleado
6303,5,Sarrià - Sant Gervasi,Desempleado
6,5,Sarrià - Sant Gervasi,Ocupado
111,5,Sarrià - Sant Gervasi,Ocupado
159,5,Sarrià - Sant Gervasi,Ocupado
198,5,Sarrià - Sant Gervasi,Ocupado
231,5,Sarrià - Sant Gervasi,Ocupado
271,5,Sarrià - Sant Gervasi,Ocupado
298,5,Sarrià - Sant Gervasi,Ocupado
405,5,Sarrià - Sant Gervasi,Ocupado
457,5,Sarrià - Sant Gervasi,Ocupado
459,5,Sarrià - Sant Gervasi,Ocupado
529,5,Sarrià - Sant Gervasi,Ocupado
578,5,Sarrià - Sant Gervasi,Ocupado
651,5,Sarrià - Sant Gervasi,Ocupado
846,5,Sarrià - Sant Gervasi,Ocupado
963,5,Sarrià - Sant Gervasi,Ocupado
973,5,Sarrià - Sant Gervasi,Ocupado
1019,5,Sarrià - Sant Gervasi,Ocupado
1053,5,Sarrià - Sant Gervasi,Ocupado
1064,5,Sarrià - Sant Gervasi,Ocupado
1082,5,Sarrià - Sant Gervasi,Ocupado
1104,5,Sarrià - Sant Gervasi,Ocupado
1182,5,Sarrià - Sant Gervasi,Ocupado
1184,5,Sarrià - Sant Gervasi,Ocupado
1225,5,Sarrià - Sant Gervasi,Ocupado
1260,5,Sarrià - Sant Gervasi,Ocupado
1268,5,Sarrià - Sant Gervasi,Ocupado
1295,5,Sarrià - Sant Gervasi,Ocupado
1374,5,Sarrià - Sant Gervasi,Ocupado
1439,5,Sarrià - Sant Gervasi,Ocupado
1479,5,Sarrià - Sant Gervasi,Ocupado
1492,5,Sarrià - Sant Gervasi,Ocupado
1508,5,Sarrià - Sant Gervasi,Ocupado
1524,5,Sarrià - Sant Gervasi,Ocupado
1529,5,Sarrià - Sant Gervasi,Ocupado
1541,5,Sarrià - Sant Gervasi,Ocupado
1569,5,Sarrià - Sant Gervasi,Ocupado
1571,5,Sarrià - Sant Gervasi,Ocupado
1594,5,Sarrià - Sant Gervasi,Ocupado
1628,5,Sarrià - Sant Gervasi,Ocupado
1638,5,Sarrià - Sant Gervasi,Ocupado
1725,5,Sarrià - Sant Gervasi,Ocupado
1770,5,Sarrià - Sant Gervasi,Ocupado
1782,5,Sarrià - Sant Gervasi,Ocupado
1844,5,Sarrià - Sant Gervasi,Ocupado
1969,5,Sarrià - Sant Gervasi,Ocupado
1981,5,Sarrià - Sant Gervasi,Ocupado
2054,5,Sarrià - Sant Gervasi,Ocupado
2081,5,Sarrià - Sant Gervasi,Ocupado
2097,5,Sarrià - Sant Gervasi,Ocupado
2123,5,Sarrià - Sant Gervasi,Ocupado
2150,5,Sarrià - Sant Gervasi,Ocupado
2172,5,Sarrià - Sant Gervasi,Ocupado
2195,5,Sarrià - Sant Gervasi,Ocupado
2212,5,Sarrià - Sant Gervasi,Ocupado
2240,5,Sarrià - Sant Gervasi,Ocupado
2265,5,Sarrià - Sant Gervasi,Ocupado
2305,5,Sarrià - Sant Gervasi,Ocupado
2330,5,Sarrià - Sant Gervasi,Ocupado
2341,5,Sarrià - Sant Gervasi,Ocupado
2377,5,Sarrià - Sant Gervasi,Ocupado
2634,5,Sarrià - Sant Gervasi,Ocupado
2637,5,Sarrià - Sant Gervasi,Ocupado
2663,5,Sarrià - Sant Gervasi,Ocupado
2672,5,Sarrià - Sant Gervasi,Ocupado
2691,5,Sarrià - Sant Gervasi,Ocupado
2752,5,Sarrià - Sant Gervasi,Ocupado
2759,5,Sarrià - Sant Gervasi,Ocupado
2775,5,Sarrià - Sant Gervasi,Ocupado
2798,5,Sarrià - Sant Gervasi,Ocupado
2857,5,Sarrià - Sant Gervasi,Ocupado
2877,5,Sarrià - Sant Gervasi,Ocupado
2919,5,Sarrià - Sant Gervasi,Ocupado
2982,5,Sarrià - Sant Gervasi,Ocupado
2989,5,Sarrià - Sant Gervasi,Ocupado
3002,5,Sarrià - Sant Gervasi,Ocupado
3065,5,Sarrià - Sant Gervasi,Ocupado
3090,5,Sarrià - Sant Gervasi,Ocupado
3135,5,Sarrià - Sant Gervasi,Ocupado
3164,5,Sarrià - Sant Gervasi,Ocupado
3220,5,Sarrià - Sant Gervasi,Ocupado
3298,5,Sarrià - Sant Gervasi,Ocupado
3348,5,Sarrià - Sant Gervasi,Ocupado
3374,5,Sarrià - Sant Gervasi,Ocupado
3395,5,Sarrià - Sant Gervasi,Ocupado
3403,5,Sarrià - Sant Gervasi,Ocupado
3425,5,Sarrià - Sant Gervasi,Ocupado
3426,5,Sarrià - Sant Gervasi,Ocupado
3466,5,Sarrià - Sant Gervasi,Ocupado
3504,5,Sarrià - Sant Gervasi,Ocupado
3528,5,Sarrià - Sant Gervasi,Ocupado
3556,5,Sarrià - Sant Gervasi,Ocupado
3559,5,Sarrià - Sant Gervasi,Ocupado
3561,5,Sarrià - Sant Gervasi,Ocupado
3575,5,Sarrià - Sant Gervasi,Ocupado
3578,5,Sarrià - Sant Gervasi,Ocupado
3595,5,Sarrià - Sant Gervasi,Ocupado
3695,5,Sarrià - Sant Gervasi,Ocupado
3720,5,Sarrià - Sant Gervasi,Ocupado
3763,5,Sarrià - Sant Gervasi,Ocupado
3839,5,Sarrià - Sant Gervasi,Ocupado
3893,5,Sarrià - Sant Gervasi,Ocupado
3960,5,Sarrià - Sant Gervasi,Ocupado
3974,5,Sarrià - Sant Gervasi,Ocupado
3994,5,Sarrià - Sant Gervasi,Ocupado
4039,5,Sarrià - Sant Gervasi,Ocupado
4073,5,Sarrià - Sant Gervasi,Ocupado
4091,5,Sarrià - Sant Gervasi,Ocupado
4129,5,Sarrià - Sant Gervasi,Ocupado
4149,5,Sarrià - Sant Gervasi,Ocupado
4165,5,Sarrià - Sant Gervasi,Ocupado
4168,5,Sarrià - Sant Gervasi,Ocupado
4181,5,Sarrià - Sant Gervasi,Ocupado
4229,5,Sarrià - Sant Gervasi,Ocupado
4253,5,Sarrià - Sant Gervasi,Ocupado
4304,5,Sarrià - Sant Gervasi,Ocupado
4316,5,Sarrià - Sant Gervasi,Ocupado
4329,5,Sarrià - Sant Gervasi,Ocupado
4332,5,Sarrià - Sant Gervasi,Ocupado
4393,5,Sarrià - Sant Gervasi,Ocupado
4441,5,Sarrià - Sant Gervasi,Ocupado
4462,5,Sarrià - Sant Gervasi,Ocupado
4525,5,Sarrià - Sant Gervasi,Ocupado
4532,5,Sarrià - Sant Gervasi,Ocupado
4537,5,Sarrià - Sant Gervasi,Ocupado
4540,5,Sarrià - Sant Gervasi,Ocupado
4541,5,Sarrià - Sant Gervasi,Ocupado
4587,5,Sarrià - Sant Gervasi,Ocupado
4635,5,Sarrià - Sant Gervasi,Ocupado
4637,5,Sarrià - Sant Gervasi,Ocupado
4658,5,Sarrià - Sant Gervasi,Ocupado
4690,5,Sarrià - Sant Gervasi,Ocupado
4829,5,Sarrià - Sant Gervasi,Ocupado
4855,5,Sarrià - Sant Gervasi,Ocupado
4881,5,Sarrià - Sant Gervasi,Ocupado
4887,5,Sarrià - Sant Gervasi,Ocupado
4920,5,Sarrià - Sant Gervasi,Ocupado
5006,5,Sarrià - Sant Gervasi,Ocupado
5010,5,Sarrià - Sant Gervasi,Ocupado
5046,5,Sarrià - Sant Gervasi,Ocupado
5077,5,Sarrià - Sant Gervasi,Ocupado
5115,5,Sarrià - Sant Gervasi,Ocupado
5154,5,Sarrià - Sant Gervasi,Ocupado
5179,5,Sarrià - Sant Gervasi,Ocupado
5181,5,Sarrià - Sant Gervasi,Ocupado
5183,5,Sarrià - Sant Gervasi,Ocupado
5185,5,Sarrià - Sant Gervasi,Ocupado
5236,5,Sarrià - Sant Gervasi,Ocupado
5240,5,Sarrià - Sant Gervasi,Ocupado
5246,5,Sarrià - Sant Gervasi,Ocupado
5290,5,Sarrià - Sant Gervasi,Ocupado
5304,5,Sarrià - Sant Gervasi,Ocupado
5314,5,Sarrià - Sant Gervasi,Ocupado
5369,5,Sarrià - Sant Gervasi,Ocupado
5393,5,Sarrià - Sant Gervasi,Ocupado
5401,5,Sarrià - Sant Gervasi,Ocupado
5412,5,Sarrià - Sant Gervasi,Ocupado
5415,5,Sarrià - Sant Gervasi,Ocupado
5417,5,Sarrià - Sant Gervasi,Ocupado
5427,5,Sarrià - Sant Gervasi,Ocupado
5433,5,Sarrià - Sant Gervasi,Ocupado
5460,5,Sarrià - Sant Gervasi,Ocupado
5467,5,Sarrià - Sant Gervasi,Ocupado
5509,5,Sarrià - Sant Gervasi,Ocupado
5510,5,Sarrià - Sant Gervasi,Ocupado
5511,5,Sarrià - Sant Gervasi,Ocupado
5546,5,Sarrià - Sant Gervasi,Ocupado
5592,5,Sarrià - Sant Gervasi,Ocupado
5594,5,Sarrià - Sant Gervasi,Ocupado
5619,5,Sarrià - Sant Gervasi,Ocupado
5653,5,Sarrià - Sant Gervasi,Ocupado
5708,5,Sarrià - Sant Gervasi,Ocupado
5767,5,Sarrià - Sant Gervasi,Ocupado
5824,5,Sarrià - Sant Gervasi,Ocupado
5828,5,Sarrià - Sant Gervasi,Ocupado
5875,5,Sarrià - Sant Gervasi,Ocupado
6061,5,Sarrià - Sant Gervasi,Ocupado
6179,5,Sarrià - Sant Gervasi,Ocupado
6251,5,Sarrià - Sant Gervasi,Ocupado
6391,5,Sarrià - Sant Gervasi,Ocupado
6518,5,Sarrià - Sant Gervasi,Ocupado
6532,5,Sarrià - Sant Gervasi,Ocupado
6562,5,Sarrià - Sant Gervasi,Ocupado
6578,5,Sarrià - Sant Gervasi,Ocupado
6819,5,Sarrià - Sant Gervasi,Ocupado
6838,5,Sarrià - Sant Gervasi,Ocupado
6872,5,Sarrià - Sant Gervasi,Ocupado
6878,5,Sarrià - Sant Gervasi,Ocupado
6882,5,Sarrià - Sant Gervasi,Ocupado
6909,5,Sarrià - Sant Gervasi,Ocupado
7004,5,Sarrià - Sant Gervasi,Ocupado
7301,5,Sarrià - Sant Gervasi,Ocupado
54,5,Sarrià - Sant Gervasi,Otras_situaciones
73,5,Sarrià - Sant Gervasi,Otras_situaciones
88,5,Sarrià - Sant Gervasi,Otras_situaciones
229,5,Sarrià - Sant Gervasi,Otras_situaciones
353,5,Sarrià - Sant Gervasi,Otras_situaciones
369,5,Sarrià - Sant Gervasi,Otras_situaciones
380,5,Sarrià - Sant Gervasi,Otras_situaciones
389,5,Sarrià - Sant Gervasi,Otras_situaciones
424,5,Sarrià - Sant Gervasi,Otras_situaciones
519,5,Sarrià - Sant Gervasi,Otras_situaciones
576,5,Sarrià - Sant Gervasi,Otras_situaciones
611,5,Sarrià - Sant Gervasi,Otras_situaciones
630,5,Sarrià - Sant Gervasi,Otras_situaciones
664,5,Sarrià - Sant Gervasi,Otras_situaciones
755,5,Sarrià - Sant Gervasi,Otras_situaciones
761,5,Sarrià - Sant Gervasi,Otras_situaciones
829,5,Sarrià - Sant Gervasi,Otras_situaciones
833,5,Sarrià - Sant Gervasi,Otras_situaciones
848,5,Sarrià - Sant Gervasi,Otras_situaciones
1013,5,Sarrià - Sant Gervasi,Otras_situaciones
1020,5,Sarrià - Sant Gervasi,Otras_situaciones
1021,5,Sarrià - Sant Gervasi,Otras_situaciones
1057,5,Sarrià - Sant Gervasi,Otras_situaciones
1081,5,Sarrià - Sant Gervasi,Otras_situaciones
1187,5,Sarrià - Sant Gervasi,Otras_situaciones
1189,5,Sarrià - Sant Gervasi,Otras_situaciones
1235,5,Sarrià - Sant Gervasi,Otras_situaciones
1311,5,Sarrià - Sant Gervasi,Otras_situaciones
1312,5,Sarrià - Sant Gervasi,Otras_situaciones
1355,5,Sarrià - Sant Gervasi,Otras_situaciones
1365,5,Sarrià - Sant Gervasi,Otras_situaciones
1399,5,Sarrià - Sant Gervasi,Otras_situaciones
1454,5,Sarrià - Sant Gervasi,Otras_situaciones
1459,5,Sarrià - Sant Gervasi,Otras_situaciones
1476,5,Sarrià - Sant Gervasi,Otras_situaciones
1522,5,Sarrià - Sant Gervasi,Otras_situaciones
1546,5,Sarrià - Sant Gervasi,Otras_situaciones
1600,5,Sarrià - Sant Gervasi,Otras_situaciones
1630,5,Sarrià - Sant Gervasi,Otras_situaciones
1663,5,Sarrià - Sant Gervasi,Otras_situaciones
1816,5,Sarrià - Sant Gervasi,Otras_situaciones
1831,5,Sarrià - Sant Gervasi,Otras_situaciones
1850,5,Sarrià - Sant Gervasi,Otras_situaciones
1991,5,Sarrià - Sant Gervasi,Otras_situaciones
1995,5,Sarrià - Sant Gervasi,Otras_situaciones
2052,5,Sarrià - Sant Gervasi,Otras_situaciones
2078,5,Sarrià - Sant Gervasi,Otras_situaciones
2126,5,Sarrià - Sant Gervasi,Otras_situaciones
2127,5,Sarrià - Sant Gervasi,Otras_situaciones
2144,5,Sarrià - Sant Gervasi,Otras_situaciones
2153,5,Sarrià - Sant Gervasi,Otras_situaciones
2191,5,Sarrià - Sant Gervasi,Otras_situaciones
2217,5,Sarrià - Sant Gervasi,Otras_situaciones
2223,5,Sarrià - Sant Gervasi,Otras_situaciones
2281,5,Sarrià - Sant Gervasi,Otras_situaciones
2299,5,Sarrià - Sant Gervasi,Otras_situaciones
2339,5,Sarrià - Sant Gervasi,Otras_situaciones
2350,5,Sarrià - Sant Gervasi,Otras_situaciones
2369,5,Sarrià - Sant Gervasi,Otras_situaciones
2409,5,Sarrià - Sant Gervasi,Otras_situaciones
2421,5,Sarrià - Sant Gervasi,Otras_situaciones
2454,5,Sarrià - Sant Gervasi,Otras_situaciones
2540,5,Sarrià - Sant Gervasi,Otras_situaciones
2574,5,Sarrià - Sant Gervasi,Otras_situaciones
2590,5,Sarrià - Sant Gervasi,Otras_situaciones
2622,5,Sarrià - Sant Gervasi,Otras_situaciones
2667,5,Sarrià - Sant Gervasi,Otras_situaciones
2689,5,Sarrià - Sant Gervasi,Otras_situaciones
2711,5,Sarrià - Sant Gervasi,Otras_situaciones
2727,5,Sarrià - Sant Gervasi,Otras_situaciones
2728,5,Sarrià - Sant Gervasi,Otras_situaciones
2731,5,Sarrià - Sant Gervasi,Otras_situaciones
2781,5,Sarrià - Sant Gervasi,Otras_situaciones
2787,5,Sarrià - Sant Gervasi,Otras_situaciones
2797,5,Sarrià - Sant Gervasi,Otras_situaciones
2815,5,Sarrià - Sant Gervasi,Otras_situaciones
2829,5,Sarrià - Sant Gervasi,Otras_situaciones
2898,5,Sarrià - Sant Gervasi,Otras_situaciones
2944,5,Sarrià - Sant Gervasi,Otras_situaciones
3023,5,Sarrià - Sant Gervasi,Otras_situaciones
3027,5,Sarrià - Sant Gervasi,Otras_situaciones
3028,5,Sarrià - Sant Gervasi,Otras_situaciones
3039,5,Sarrià - Sant Gervasi,Otras_situaciones
3046,5,Sarrià - Sant Gervasi,Otras_situaciones
3057,5,Sarrià - Sant Gervasi,Otras_situaciones
3132,5,Sarrià - Sant Gervasi,Otras_situaciones
3137,5,Sarrià - Sant Gervasi,Otras_situaciones
3162,5,Sarrià - Sant Gervasi,Otras_situaciones
3278,5,Sarrià - Sant Gervasi,Otras_situaciones
3280,5,Sarrià - Sant Gervasi,Otras_situaciones
3281,5,Sarrià - Sant Gervasi,Otras_situaciones
3335,5,Sarrià - Sant Gervasi,Otras_situaciones
3359,5,Sarrià - Sant Gervasi,Otras_situaciones
3368,5,Sarrià - Sant Gervasi,Otras_situaciones
3378,5,Sarrià - Sant Gervasi,Otras_situaciones
3386,5,Sarrià - Sant Gervasi,Otras_situaciones
3663,5,Sarrià - Sant Gervasi,Otras_situaciones
3719,5,Sarrià - Sant Gervasi,Otras_situaciones
3981,5,Sarrià - Sant Gervasi,Otras_situaciones
4123,5,Sarrià - Sant Gervasi,Otras_situaciones
4195,5,Sarrià - Sant Gervasi,Otras_situaciones
4328,5,Sarrià - Sant Gervasi,Otras_situaciones
4351,5,Sarrià - Sant Gervasi,Otras_situaciones
4468,5,Sarrià - Sant Gervasi,Otras_situaciones
4600,5,Sarrià - Sant Gervasi,Otras_situaciones
4631,5,Sarrià - Sant Gervasi,Otras_situaciones
5156,5,Sarrià - Sant Gervasi,Otras_situaciones
5175,5,Sarrià - Sant Gervasi,Otras_situaciones
5482,5,Sarrià - Sant Gervasi,Otras_situaciones
5495,5,Sarrià - Sant Gervasi,Otras_situaciones
5503,5,Sarrià - Sant Gervasi,Otras_situaciones
6216,5,Sarrià - Sant Gervasi,Otras_situaciones
6236,5,Sarrià - Sant Gervasi,Otras_situaciones
6482,5,Sarrià - Sant Gervasi,Otras_situaciones
6813,5,Sarrià - Sant Gervasi,Otras_situaciones
95,6,Gràcia,Desempleado
470,6,Gràcia,Desempleado
486,6,Gràcia,Desempleado
523,6,Gràcia,Desempleado
939,6,Gràcia,Desempleado
1177,6,Gràcia,Desempleado
1231,6,Gràcia,Desempleado
1314,6,Gràcia,Desempleado
1371,6,Gràcia,Desempleado
1421,6,Gràcia,Desempleado
1590,6,Gràcia,Desempleado
1726,6,Gràcia,Desempleado
1790,6,Gràcia,Desempleado
1848,6,Gràcia,Desempleado
1849,6,Gràcia,Desempleado
1915,6,Gràcia,Desempleado
1937,6,Gràcia,Desempleado
1952,6,Gràcia,Desempleado
2011,6,Gràcia,Desempleado
2050,6,Gràcia,Desempleado
2641,6,Gràcia,Desempleado
2868,6,Gràcia,Desempleado
3351,6,Gràcia,Desempleado
3700,6,Gràcia,Desempleado
3790,6,Gràcia,Desempleado
4186,6,Gràcia,Desempleado
4233,6,Gràcia,Desempleado
4307,6,Gràcia,Desempleado
4309,6,Gràcia,Desempleado
4335,6,Gràcia,Desempleado
4519,6,Gràcia,Desempleado
4660,6,Gràcia,Desempleado
4996,6,Gràcia,Desempleado
5222,6,Gràcia,Desempleado
5906,6,Gràcia,Desempleado
5907,6,Gràcia,Desempleado
5909,6,Gràcia,Desempleado
5982,6,Gràcia,Desempleado
6013,6,Gràcia,Desempleado
6014,6,Gràcia,Desempleado
6433,6,Gràcia,Desempleado
6476,6,Gràcia,Desempleado
7138,6,Gràcia,Desempleado
34,6,Gràcia,Ocupado
98,6,Gràcia,Ocupado
250,6,Gràcia,Ocupado
285,6,Gràcia,Ocupado
332,6,Gràcia,Ocupado
363,6,Gràcia,Ocupado
433,6,Gràcia,Ocupado
477,6,Gràcia,Ocupado
494,6,Gràcia,Ocupado
862,6,Gràcia,Ocupado
930,6,Gràcia,Ocupado
934,6,Gràcia,Ocupado
972,6,Gràcia,Ocupado
978,6,Gràcia,Ocupado
1007,6,Gràcia,Ocupado
1012,6,Gràcia,Ocupado
1107,6,Gràcia,Ocupado
1175,6,Gràcia,Ocupado
1239,6,Gràcia,Ocupado
1305,6,Gràcia,Ocupado
1364,6,Gràcia,Ocupado
1369,6,Gràcia,Ocupado
1379,6,Gràcia,Ocupado
1430,6,Gràcia,Ocupado
1499,6,Gràcia,Ocupado
1525,6,Gràcia,Ocupado
1580,6,Gràcia,Ocupado
1605,6,Gràcia,Ocupado
1624,6,Gràcia,Ocupado
1687,6,Gràcia,Ocupado
1712,6,Gràcia,Ocupado
1719,6,Gràcia,Ocupado
1732,6,Gràcia,Ocupado
1761,6,Gràcia,Ocupado
1827,6,Gràcia,Ocupado
2034,6,Gràcia,Ocupado
2059,6,Gràcia,Ocupado
2141,6,Gràcia,Ocupado
2155,6,Gràcia,Ocupado
2164,6,Gràcia,Ocupado
2174,6,Gràcia,Ocupado
2179,6,Gràcia,Ocupado
2182,6,Gràcia,Ocupado
2227,6,Gràcia,Ocupado
2381,6,Gràcia,Ocupado
2481,6,Gràcia,Ocupado
2611,6,Gràcia,Ocupado
2635,6,Gràcia,Ocupado
2683,6,Gràcia,Ocupado
2754,6,Gràcia,Ocupado
2803,6,Gràcia,Ocupado
2838,6,Gràcia,Ocupado
3051,6,Gràcia,Ocupado
3075,6,Gràcia,Ocupado
3160,6,Gràcia,Ocupado
3306,6,Gràcia,Ocupado
3326,6,Gràcia,Ocupado
3358,6,Gràcia,Ocupado
3373,6,Gràcia,Ocupado
3376,6,Gràcia,Ocupado
3380,6,Gràcia,Ocupado
3419,6,Gràcia,Ocupado
3423,6,Gràcia,Ocupado
3445,6,Gràcia,Ocupado
3465,6,Gràcia,Ocupado
3572,6,Gràcia,Ocupado
3614,6,Gràcia,Ocupado
3615,6,Gràcia,Ocupado
3620,6,Gràcia,Ocupado
3823,6,Gràcia,Ocupado
3898,6,Gràcia,Ocupado
3915,6,Gràcia,Ocupado
3956,6,Gràcia,Ocupado
4046,6,Gràcia,Ocupado
4065,6,Gràcia,Ocupado
4112,6,Gràcia,Ocupado
4119,6,Gràcia,Ocupado
4134,6,Gràcia,Ocupado
4187,6,Gràcia,Ocupado
4205,6,Gràcia,Ocupado
4225,6,Gràcia,Ocupado
4226,6,Gràcia,Ocupado
4323,6,Gràcia,Ocupado
4344,6,Gràcia,Ocupado
4396,6,Gràcia,Ocupado
4452,6,Gràcia,Ocupado
4465,6,Gràcia,Ocupado
4469,6,Gràcia,Ocupado
4488,6,Gràcia,Ocupado
4549,6,Gràcia,Ocupado
4620,6,Gràcia,Ocupado
4680,6,Gràcia,Ocupado
4768,6,Gràcia,Ocupado
4772,6,Gràcia,Ocupado
4848,6,Gràcia,Ocupado
4853,6,Gràcia,Ocupado
5016,6,Gràcia,Ocupado
5036,6,Gràcia,Ocupado
5055,6,Gràcia,Ocupado
5091,6,Gràcia,Ocupado
5098,6,Gràcia,Ocupado
5199,6,Gràcia,Ocupado
5886,6,Gràcia,Ocupado
5917,6,Gràcia,Ocupado
5923,6,Gràcia,Ocupado
5925,6,Gràcia,Ocupado
5948,6,Gràcia,Ocupado
5956,6,Gràcia,Ocupado
5968,6,Gràcia,Ocupado
5970,6,Gràcia,Ocupado
5971,6,Gràcia,Ocupado
5973,6,Gràcia,Ocupado
5976,6,Gràcia,Ocupado
5977,6,Gràcia,Ocupado
6029,6,Gràcia,Ocupado
6050,6,Gràcia,Ocupado
6074,6,Gràcia,Ocupado
6485,6,Gràcia,Ocupado
6835,6,Gràcia,Ocupado
6843,6,Gràcia,Ocupado
6988,6,Gràcia,Ocupado
7083,6,Gràcia,Ocupado
7165,6,Gràcia,Ocupado
7177,6,Gràcia,Ocupado
7310,6,Gràcia,Ocupado
8019,6,Gràcia,Ocupado
26,6,Gràcia,Otras_situaciones
48,6,Gràcia,Otras_situaciones
55,6,Gràcia,Otras_situaciones
91,6,Gràcia,Otras_situaciones
117,6,Gràcia,Otras_situaciones
246,6,Gràcia,Otras_situaciones
249,6,Gràcia,Otras_situaciones
289,6,Gràcia,Otras_situaciones
328,6,Gràcia,Otras_situaciones
391,6,Gràcia,Otras_situaciones
465,6,Gràcia,Otras_situaciones
475,6,Gràcia,Otras_situaciones
488,6,Gràcia,Otras_situaciones
502,6,Gràcia,Otras_situaciones
572,6,Gràcia,Otras_situaciones
577,6,Gràcia,Otras_situaciones
622,6,Gràcia,Otras_situaciones
684,6,Gràcia,Otras_situaciones
711,6,Gràcia,Otras_situaciones
724,6,Gràcia,Otras_situaciones
784,6,Gràcia,Otras_situaciones
803,6,Gràcia,Otras_situaciones
868,6,Gràcia,Otras_situaciones
878,6,Gràcia,Otras_situaciones
888,6,Gràcia,Otras_situaciones
940,6,Gràcia,Otras_situaciones
966,6,Gràcia,Otras_situaciones
1091,6,Gràcia,Otras_situaciones
1098,6,Gràcia,Otras_situaciones
1135,6,Gràcia,Otras_situaciones
1142,6,Gràcia,Otras_situaciones
1179,6,Gràcia,Otras_situaciones
1191,6,Gràcia,Otras_situaciones
1276,6,Gràcia,Otras_situaciones
1331,6,Gràcia,Otras_situaciones
1510,6,Gràcia,Otras_situaciones
1565,6,Gràcia,Otras_situaciones
1612,6,Gràcia,Otras_situaciones
1622,6,Gràcia,Otras_situaciones
1643,6,Gràcia,Otras_situaciones
1710,6,Gràcia,Otras_situaciones
1730,6,Gràcia,Otras_situaciones
1888,6,Gràcia,Otras_situaciones
1897,6,Gràcia,Otras_situaciones
1967,6,Gràcia,Otras_situaciones
2031,6,Gràcia,Otras_situaciones
2051,6,Gràcia,Otras_situaciones
2068,6,Gràcia,Otras_situaciones
2146,6,Gràcia,Otras_situaciones
2193,6,Gràcia,Otras_situaciones
2214,6,Gràcia,Otras_situaciones
2215,6,Gràcia,Otras_situaciones
2263,6,Gràcia,Otras_situaciones
2293,6,Gràcia,Otras_situaciones
2322,6,Gràcia,Otras_situaciones
2397,6,Gràcia,Otras_situaciones
2411,6,Gràcia,Otras_situaciones
2422,6,Gràcia,Otras_situaciones
2597,6,Gràcia,Otras_situaciones
2624,6,Gràcia,Otras_situaciones
2632,6,Gràcia,Otras_situaciones
2774,6,Gràcia,Otras_situaciones
2782,6,Gràcia,Otras_situaciones
2790,6,Gràcia,Otras_situaciones
2809,6,Gràcia,Otras_situaciones
2863,6,Gràcia,Otras_situaciones
2891,6,Gràcia,Otras_situaciones
2911,6,Gràcia,Otras_situaciones
2939,6,Gràcia,Otras_situaciones
2948,6,Gràcia,Otras_situaciones
2970,6,Gràcia,Otras_situaciones
3004,6,Gràcia,Otras_situaciones
3043,6,Gràcia,Otras_situaciones
3101,6,Gràcia,Otras_situaciones
3143,6,Gràcia,Otras_situaciones
3240,6,Gràcia,Otras_situaciones
3262,6,Gràcia,Otras_situaciones
3343,6,Gràcia,Otras_situaciones
3352,6,Gràcia,Otras_situaciones
3417,6,Gràcia,Otras_situaciones
3453,6,Gràcia,Otras_situaciones
3455,6,Gràcia,Otras_situaciones
3462,6,Gràcia,Otras_situaciones
3574,6,Gràcia,Otras_situaciones
3744,6,Gràcia,Otras_situaciones
3769,6,Gràcia,Otras_situaciones
4753,6,Gràcia,Otras_situaciones
5900,6,Gràcia,Otras_situaciones
6054,6,Gràcia,Otras_situaciones
8021,6,Gràcia,Otras_situaciones
8052,6,Gràcia,Otras_situaciones
268,7,Horta - Guinardó,Desempleado
407,7,Horta - Guinardó,Desempleado
790,7,Horta - Guinardó,Desempleado
962,7,Horta - Guinardó,Desempleado
1090,7,Horta - Guinardó,Desempleado
1302,7,Horta - Guinardó,Desempleado
1309,7,Horta - Guinardó,Desempleado
1414,7,Horta - Guinardó,Desempleado
1457,7,Horta - Guinardó,Desempleado
1715,7,Horta - Guinardó,Desempleado
1859,7,Horta - Guinardó,Desempleado
1983,7,Horta - Guinardó,Desempleado
3086,7,Horta - Guinardó,Desempleado
3289,7,Horta - Guinardó,Desempleado
3541,7,Horta - Guinardó,Desempleado
6411,7,Horta - Guinardó,Desempleado
6521,7,Horta - Guinardó,Desempleado
7058,7,Horta - Guinardó,Desempleado
9,7,Horta - Guinardó,Ocupado
29,7,Horta - Guinardó,Ocupado
263,7,Horta - Guinardó,Ocupado
326,7,Horta - Guinardó,Ocupado
357,7,Horta - Guinardó,Ocupado
364,7,Horta - Guinardó,Ocupado
377,7,Horta - Guinardó,Ocupado
463,7,Horta - Guinardó,Ocupado
496,7,Horta - Guinardó,Ocupado
548,7,Horta - Guinardó,Ocupado
586,7,Horta - Guinardó,Ocupado
595,7,Horta - Guinardó,Ocupado
911,7,Horta - Guinardó,Ocupado
931,7,Horta - Guinardó,Ocupado
956,7,Horta - Guinardó,Ocupado
976,7,Horta - Guinardó,Ocupado
1062,7,Horta - Guinardó,Ocupado
1070,7,Horta - Guinardó,Ocupado
1078,7,Horta - Guinardó,Ocupado
1085,7,Horta - Guinardó,Ocupado
1089,7,Horta - Guinardó,Ocupado
1097,7,Horta - Guinardó,Ocupado
1116,7,Horta - Guinardó,Ocupado
1157,7,Horta - Guinardó,Ocupado
1198,7,Horta - Guinardó,Ocupado
1279,7,Horta - Guinardó,Ocupado
1291,7,Horta - Guinardó,Ocupado
1368,7,Horta - Guinardó,Ocupado
1386,7,Horta - Guinardó,Ocupado
1429,7,Horta - Guinardó,Ocupado
1431,7,Horta - Guinardó,Ocupado
1487,7,Horta - Guinardó,Ocupado
1507,7,Horta - Guinardó,Ocupado
1526,7,Horta - Guinardó,Ocupado
1530,7,Horta - Guinardó,Ocupado
1587,7,Horta - Guinardó,Ocupado
1703,7,Horta - Guinardó,Ocupado
1708,7,Horta - Guinardó,Ocupado
1781,7,Horta - Guinardó,Ocupado
1840,7,Horta - Guinardó,Ocupado
1873,7,Horta - Guinardó,Ocupado
1899,7,Horta - Guinardó,Ocupado
1940,7,Horta - Guinardó,Ocupado
1941,7,Horta - Guinardó,Ocupado
2043,7,Horta - Guinardó,Ocupado
2101,7,Horta - Guinardó,Ocupado
2107,7,Horta - Guinardó,Ocupado
2169,7,Horta - Guinardó,Ocupado
2226,7,Horta - Guinardó,Ocupado
2229,7,Horta - Guinardó,Ocupado
2239,7,Horta - Guinardó,Ocupado
2429,7,Horta - Guinardó,Ocupado
2835,7,Horta - Guinardó,Ocupado
2892,7,Horta - Guinardó,Ocupado
3088,7,Horta - Guinardó,Ocupado
3123,7,Horta - Guinardó,Ocupado
3467,7,Horta - Guinardó,Ocupado
3483,7,Horta - Guinardó,Ocupado
3835,7,Horta - Guinardó,Ocupado
3875,7,Horta - Guinardó,Ocupado
4055,7,Horta - Guinardó,Ocupado
5166,7,Horta - Guinardó,Ocupado
5357,7,Horta - Guinardó,Ocupado
6421,7,Horta - Guinardó,Ocupado
6535,7,Horta - Guinardó,Ocupado
6556,7,Horta - Guinardó,Ocupado
6572,7,Horta - Guinardó,Ocupado
6658,7,Horta - Guinardó,Ocupado
6677,7,Horta - Guinardó,Ocupado
7042,7,Horta - Guinardó,Ocupado
7103,7,Horta - Guinardó,Ocupado
7117,7,Horta - Guinardó,Ocupado
7305,7,Horta - Guinardó,Ocupado
8006,7,Horta - Guinardó,Ocupado
8011,7,Horta - Guinardó,Ocupado
146,7,Horta - Guinardó,Otras_situaciones
213,7,Horta - Guinardó,Otras_situaciones
277,7,Horta - Guinardó,Otras_situaciones
315,7,Horta - Guinardó,Otras_situaciones
319,7,Horta - Guinardó,Otras_situaciones
327,7,Horta - Guinardó,Otras_situaciones
352,7,Horta - Guinardó,Otras_situaciones
375,7,Horta - Guinardó,Otras_situaciones
388,7,Horta - Guinardó,Otras_situaciones
400,7,Horta - Guinardó,Otras_situaciones
461,7,Horta - Guinardó,Otras_situaciones
497,7,Horta - Guinardó,Otras_situaciones
579,7,Horta - Guinardó,Otras_situaciones
602,7,Horta - Guinardó,Otras_situaciones
608,7,Horta - Guinardó,Otras_situaciones
712,7,Horta - Guinardó,Otras_situaciones
861,7,Horta - Guinardó,Otras_situaciones
865,7,Horta - Guinardó,Otras_situaciones
897,7,Horta - Guinardó,Otras_situaciones
964,7,Horta - Guinardó,Otras_situaciones
1008,7,Horta - Guinardó,Otras_situaciones
1030,7,Horta - Guinardó,Otras_situaciones
1032,7,Horta - Guinardó,Otras_situaciones
1063,7,Horta - Guinardó,Otras_situaciones
1127,7,Horta - Guinardó,Otras_situaciones
1144,7,Horta - Guinardó,Otras_situaciones
1153,7,Horta - Guinardó,Otras_situaciones
1416,7,Horta - Guinardó,Otras_situaciones
1474,7,Horta - Guinardó,Otras_situaciones
1528,7,Horta - Guinardó,Otras_situaciones
1531,7,Horta - Guinardó,Otras_situaciones
1534,7,Horta - Guinardó,Otras_situaciones
1675,7,Horta - Guinardó,Otras_situaciones
1724,7,Horta - Guinardó,Otras_situaciones
2007,7,Horta - Guinardó,Otras_situaciones
2071,7,Horta - Guinardó,Otras_situaciones
2176,7,Horta - Guinardó,Otras_situaciones
2200,7,Horta - Guinardó,Otras_situaciones
2243,7,Horta - Guinardó,Otras_situaciones
2262,7,Horta - Guinardó,Otras_situaciones
2308,7,Horta - Guinardó,Otras_situaciones
2441,7,Horta - Guinardó,Otras_situaciones
2471,7,Horta - Guinardó,Otras_situaciones
2486,7,Horta - Guinardó,Otras_situaciones
2492,7,Horta - Guinardó,Otras_situaciones
2614,7,Horta - Guinardó,Otras_situaciones
2629,7,Horta - Guinardó,Otras_situaciones
2633,7,Horta - Guinardó,Otras_situaciones
2708,7,Horta - Guinardó,Otras_situaciones
2820,7,Horta - Guinardó,Otras_situaciones
2833,7,Horta - Guinardó,Otras_situaciones
2889,7,Horta - Guinardó,Otras_situaciones
2962,7,Horta - Guinardó,Otras_situaciones
2991,7,Horta - Guinardó,Otras_situaciones
3172,7,Horta - Guinardó,Otras_situaciones
3385,7,Horta - Guinardó,Otras_situaciones
4040,7,Horta - Guinardó,Otras_situaciones
4156,7,Horta - Guinardó,Otras_situaciones
5073,7,Horta - Guinardó,Otras_situaciones
5811,7,Horta - Guinardó,Otras_situaciones
6393,7,Horta - Guinardó,Otras_situaciones
6473,7,Horta - Guinardó,Otras_situaciones
6691,7,Horta - Guinardó,Otras_situaciones
135,8,Nou Barris,Desempleado
220,8,Nou Barris,Desempleado
281,8,Nou Barris,Desempleado
616,8,Nou Barris,Desempleado
669,8,Nou Barris,Desempleado
840,8,Nou Barris,Desempleado
921,8,Nou Barris,Desempleado
1088,8,Nou Barris,Desempleado
1100,8,Nou Barris,Desempleado
1112,8,Nou Barris,Desempleado
1227,8,Nou Barris,Desempleado
1456,8,Nou Barris,Desempleado
1543,8,Nou Barris,Desempleado
1734,8,Nou Barris,Desempleado
1758,8,Nou Barris,Desempleado
1960,8,Nou Barris,Desempleado
2017,8,Nou Barris,Desempleado
2162,8,Nou Barris,Desempleado
2171,8,Nou Barris,Desempleado
2244,8,Nou Barris,Desempleado
2408,8,Nou Barris,Desempleado
2526,8,Nou Barris,Desempleado
2671,8,Nou Barris,Desempleado
2742,8,Nou Barris,Desempleado
2799,8,Nou Barris,Desempleado
2873,8,Nou Barris,Desempleado
3548,8,Nou Barris,Desempleado
3675,8,Nou Barris,Desempleado
3712,8,Nou Barris,Desempleado
3736,8,Nou Barris,Desempleado
3927,8,Nou Barris,Desempleado
3965,8,Nou Barris,Desempleado
4221,8,Nou Barris,Desempleado
4338,8,Nou Barris,Desempleado
4552,8,Nou Barris,Desempleado
4559,8,Nou Barris,Desempleado
4566,8,Nou Barris,Desempleado
5251,8,Nou Barris,Desempleado
5474,8,Nou Barris,Desempleado
5487,8,Nou Barris,Desempleado
5489,8,Nou Barris,Desempleado
5493,8,Nou Barris,Desempleado
5502,8,Nou Barris,Desempleado
5590,8,Nou Barris,Desempleado
5986,8,Nou Barris,Desempleado
5998,8,Nou Barris,Desempleado
6178,8,Nou Barris,Desempleado
6211,8,Nou Barris,Desempleado
6235,8,Nou Barris,Desempleado
6398,8,Nou Barris,Desempleado
6409,8,Nou Barris,Desempleado
6826,8,Nou Barris,Desempleado
8039,8,Nou Barris,Desempleado
8045,8,Nou Barris,Desempleado
8046,8,Nou Barris,Desempleado
8047,8,Nou Barris,Desempleado
46,8,Nou Barris,Ocupado
89,8,Nou Barris,Ocupado
133,8,Nou Barris,Ocupado
137,8,Nou Barris,Ocupado
155,8,Nou Barris,Ocupado
161,8,Nou Barris,Ocupado
214,8,Nou Barris,Ocupado
222,8,Nou Barris,Ocupado
320,8,Nou Barris,Ocupado
383,8,Nou Barris,Ocupado
409,8,Nou Barris,Ocupado
454,8,Nou Barris,Ocupado
456,8,Nou Barris,Ocupado
507,8,Nou Barris,Ocupado
531,8,Nou Barris,Ocupado
541,8,Nou Barris,Ocupado
543,8,Nou Barris,Ocupado
592,8,Nou Barris,Ocupado
609,8,Nou Barris,Ocupado
641,8,Nou Barris,Ocupado
670,8,Nou Barris,Ocupado
675,8,Nou Barris,Ocupado
721,8,Nou Barris,Ocupado
748,8,Nou Barris,Ocupado
811,8,Nou Barris,Ocupado
875,8,Nou Barris,Ocupado
882,8,Nou Barris,Ocupado
901,8,Nou Barris,Ocupado
918,8,Nou Barris,Ocupado
968,8,Nou Barris,Ocupado
999,8,Nou Barris,Ocupado
1014,8,Nou Barris,Ocupado
1029,8,Nou Barris,Ocupado
1036,8,Nou Barris,Ocupado
1038,8,Nou Barris,Ocupado
1077,8,Nou Barris,Ocupado
1093,8,Nou Barris,Ocupado
1183,8,Nou Barris,Ocupado
1196,8,Nou Barris,Ocupado
1212,8,Nou Barris,Ocupado
1222,8,Nou Barris,Ocupado
1240,8,Nou Barris,Ocupado
1322,8,Nou Barris,Ocupado
1340,8,Nou Barris,Ocupado
1346,8,Nou Barris,Ocupado
1347,8,Nou Barris,Ocupado
1604,8,Nou Barris,Ocupado
1620,8,Nou Barris,Ocupado
1621,8,Nou Barris,Ocupado
1626,8,Nou Barris,Ocupado
1836,8,Nou Barris,Ocupado
1851,8,Nou Barris,Ocupado
1877,8,Nou Barris,Ocupado
1961,8,Nou Barris,Ocupado
1971,8,Nou Barris,Ocupado
2048,8,Nou Barris,Ocupado
2121,8,Nou Barris,Ocupado
2209,8,Nou Barris,Ocupado
2213,8,Nou Barris,Ocupado
2222,8,Nou Barris,Ocupado
2228,8,Nou Barris,Ocupado
2254,8,Nou Barris,Ocupado
2266,8,Nou Barris,Ocupado
2303,8,Nou Barris,Ocupado
2304,8,Nou Barris,Ocupado
2306,8,Nou Barris,Ocupado
2307,8,Nou Barris,Ocupado
2327,8,Nou Barris,Ocupado
2387,8,Nou Barris,Ocupado
2414,8,Nou Barris,Ocupado
2415,8,Nou Barris,Ocupado
2446,8,Nou Barris,Ocupado
2502,8,Nou Barris,Ocupado
2520,8,Nou Barris,Ocupado
2558,8,Nou Barris,Ocupado
2562,8,Nou Barris,Ocupado
2580,8,Nou Barris,Ocupado
2595,8,Nou Barris,Ocupado
2601,8,Nou Barris,Ocupado
2631,8,Nou Barris,Ocupado
2721,8,Nou Barris,Ocupado
2755,8,Nou Barris,Ocupado
2761,8,Nou Barris,Ocupado
2895,8,Nou Barris,Ocupado
2968,8,Nou Barris,Ocupado
3169,8,Nou Barris,Ocupado
3212,8,Nou Barris,Ocupado
3265,8,Nou Barris,Ocupado
3338,8,Nou Barris,Ocupado
3356,8,Nou Barris,Ocupado
3442,8,Nou Barris,Ocupado
3469,8,Nou Barris,Ocupado
3496,8,Nou Barris,Ocupado
3554,8,Nou Barris,Ocupado
3584,8,Nou Barris,Ocupado
3590,8,Nou Barris,Ocupado
3666,8,Nou Barris,Ocupado
3788,8,Nou Barris,Ocupado
3855,8,Nou Barris,Ocupado
3869,8,Nou Barris,Ocupado
3884,8,Nou Barris,Ocupado
3938,8,Nou Barris,Ocupado
3971,8,Nou Barris,Ocupado
4005,8,Nou Barris,Ocupado
4009,8,Nou Barris,Ocupado
4048,8,Nou Barris,Ocupado
4056,8,Nou Barris,Ocupado
4079,8,Nou Barris,Ocupado
4106,8,Nou Barris,Ocupado
4118,8,Nou Barris,Ocupado
4231,8,Nou Barris,Ocupado
4245,8,Nou Barris,Ocupado
4251,8,Nou Barris,Ocupado
4281,8,Nou Barris,Ocupado
4286,8,Nou Barris,Ocupado
4386,8,Nou Barris,Ocupado
4401,8,Nou Barris,Ocupado
4423,8,Nou Barris,Ocupado
4436,8,Nou Barris,Ocupado
4467,8,Nou Barris,Ocupado
4489,8,Nou Barris,Ocupado
4496,8,Nou Barris,Ocupado
4524,8,Nou Barris,Ocupado
4539,8,Nou Barris,Ocupado
4592,8,Nou Barris,Ocupado
4752,8,Nou Barris,Ocupado
4783,8,Nou Barris,Ocupado
4792,8,Nou Barris,Ocupado
4800,8,Nou Barris,Ocupado
4906,8,Nou Barris,Ocupado
5124,8,Nou Barris,Ocupado
5180,8,Nou Barris,Ocupado
5217,8,Nou Barris,Ocupado
5238,8,Nou Barris,Ocupado
5278,8,Nou Barris,Ocupado
5294,8,Nou Barris,Ocupado
5345,8,Nou Barris,Ocupado
5387,8,Nou Barris,Ocupado
5416,8,Nou Barris,Ocupado
5434,8,Nou Barris,Ocupado
5444,8,Nou Barris,Ocupado
5445,8,Nou Barris,Ocupado
5521,8,Nou Barris,Ocupado
5538,8,Nou Barris,Ocupado
5541,8,Nou Barris,Ocupado
5565,8,Nou Barris,Ocupado
5644,8,Nou Barris,Ocupado
5657,8,Nou Barris,Ocupado
5672,8,Nou Barris,Ocupado
5680,8,Nou Barris,Ocupado
5682,8,Nou Barris,Ocupado
5689,8,Nou Barris,Ocupado
5692,8,Nou Barris,Ocupado
5739,8,Nou Barris,Ocupado
5755,8,Nou Barris,Ocupado
5837,8,Nou Barris,Ocupado
5850,8,Nou Barris,Ocupado
5869,8,Nou Barris,Ocupado
6106,8,Nou Barris,Ocupado
6132,8,Nou Barris,Ocupado
6190,8,Nou Barris,Ocupado
6223,8,Nou Barris,Ocupado
6281,8,Nou Barris,Ocupado
6297,8,Nou Barris,Ocupado
6300,8,Nou Barris,Ocupado
6325,8,Nou Barris,Ocupado
6388,8,Nou Barris,Ocupado
6583,8,Nou Barris,Ocupado
6642,8,Nou Barris,Ocupado
6676,8,Nou Barris,Ocupado
6809,8,Nou Barris,Ocupado
6812,8,Nou Barris,Ocupado
6842,8,Nou Barris,Ocupado
6864,8,Nou Barris,Ocupado
6884,8,Nou Barris,Ocupado
6914,8,Nou Barris,Ocupado
6917,8,Nou Barris,Ocupado
6918,8,Nou Barris,Ocupado
6923,8,Nou Barris,Ocupado
6929,8,Nou Barris,Ocupado
6989,8,Nou Barris,Ocupado
7017,8,Nou Barris,Ocupado
7033,8,Nou Barris,Ocupado
8044,8,Nou Barris,Ocupado
8051,8,Nou Barris,Ocupado
20,8,Nou Barris,Otras_situaciones
24,8,Nou Barris,Otras_situaciones
43,8,Nou Barris,Otras_situaciones
44,8,Nou Barris,Otras_situaciones
45,8,Nou Barris,Otras_situaciones
50,8,Nou Barris,Otras_situaciones
99,8,Nou Barris,Otras_situaciones
101,8,Nou Barris,Otras_situaciones
118,8,Nou Barris,Otras_situaciones
125,8,Nou Barris,Otras_situaciones
136,8,Nou Barris,Otras_situaciones
168,8,Nou Barris,Otras_situaciones
187,8,Nou Barris,Otras_situaciones
223,8,Nou Barris,Otras_situaciones
232,8,Nou Barris,Otras_situaciones
280,8,Nou Barris,Otras_situaciones
283,8,Nou Barris,Otras_situaciones
318,8,Nou Barris,Otras_situaciones
334,8,Nou Barris,Otras_situaciones
335,8,Nou Barris,Otras_situaciones
341,8,Nou Barris,Otras_situaciones
346,8,Nou Barris,Otras_situaciones
368,8,Nou Barris,Otras_situaciones
395,8,Nou Barris,Otras_situaciones
403,8,Nou Barris,Otras_situaciones
427,8,Nou Barris,Otras_situaciones
452,8,Nou Barris,Otras_situaciones
464,8,Nou Barris,Otras_situaciones
480,8,Nou Barris,Otras_situaciones
492,8,Nou Barris,Otras_situaciones
514,8,Nou Barris,Otras_situaciones
544,8,Nou Barris,Otras_situaciones
567,8,Nou Barris,Otras_situaciones
574,8,Nou Barris,Otras_situaciones
575,8,Nou Barris,Otras_situaciones
581,8,Nou Barris,Otras_situaciones
705,8,Nou Barris,Otras_situaciones
713,8,Nou Barris,Otras_situaciones
732,8,Nou Barris,Otras_situaciones
740,8,Nou Barris,Otras_situaciones
758,8,Nou Barris,Otras_situaciones
787,8,Nou Barris,Otras_situaciones
804,8,Nou Barris,Otras_situaciones
805,8,Nou Barris,Otras_situaciones
819,8,Nou Barris,Otras_situaciones
835,8,Nou Barris,Otras_situaciones
856,8,Nou Barris,Otras_situaciones
866,8,Nou Barris,Otras_situaciones
871,8,Nou Barris,Otras_situaciones
872,8,Nou Barris,Otras_situaciones
899,8,Nou Barris,Otras_situaciones
906,8,Nou Barris,Otras_situaciones
922,8,Nou Barris,Otras_situaciones
944,8,Nou Barris,Otras_situaciones
986,8,Nou Barris,Otras_situaciones
991,8,Nou Barris,Otras_situaciones
1016,8,Nou Barris,Otras_situaciones
1066,8,Nou Barris,Otras_situaciones
1071,8,Nou Barris,Otras_situaciones
1109,8,Nou Barris,Otras_situaciones
1123,8,Nou Barris,Otras_situaciones
1125,8,Nou Barris,Otras_situaciones
1136,8,Nou Barris,Otras_situaciones
1168,8,Nou Barris,Otras_situaciones
1208,8,Nou Barris,Otras_situaciones
1300,8,Nou Barris,Otras_situaciones
1387,8,Nou Barris,Otras_situaciones
1397,8,Nou Barris,Otras_situaciones
1420,8,Nou Barris,Otras_situaciones
1434,8,Nou Barris,Otras_situaciones
1452,8,Nou Barris,Otras_situaciones
1472,8,Nou Barris,Otras_situaciones
1527,8,Nou Barris,Otras_situaciones
1554,8,Nou Barris,Otras_situaciones
1557,8,Nou Barris,Otras_situaciones
1665,8,Nou Barris,Otras_situaciones
1671,8,Nou Barris,Otras_situaciones
1745,8,Nou Barris,Otras_situaciones
1872,8,Nou Barris,Otras_situaciones
1975,8,Nou Barris,Otras_situaciones
2025,8,Nou Barris,Otras_situaciones
2035,8,Nou Barris,Otras_situaciones
2069,8,Nou Barris,Otras_situaciones
2083,8,Nou Barris,Otras_situaciones
2094,8,Nou Barris,Otras_situaciones
2099,8,Nou Barris,Otras_situaciones
2132,8,Nou Barris,Otras_situaciones
2138,8,Nou Barris,Otras_situaciones
2147,8,Nou Barris,Otras_situaciones
2173,8,Nou Barris,Otras_situaciones
2194,8,Nou Barris,Otras_situaciones
2199,8,Nou Barris,Otras_situaciones
2202,8,Nou Barris,Otras_situaciones
2388,8,Nou Barris,Otras_situaciones
2423,8,Nou Barris,Otras_situaciones
2435,8,Nou Barris,Otras_situaciones
2484,8,Nou Barris,Otras_situaciones
2491,8,Nou Barris,Otras_situaciones
2503,8,Nou Barris,Otras_situaciones
2524,8,Nou Barris,Otras_situaciones
2536,8,Nou Barris,Otras_situaciones
2539,8,Nou Barris,Otras_situaciones
2552,8,Nou Barris,Otras_situaciones
2609,8,Nou Barris,Otras_situaciones
2613,8,Nou Barris,Otras_situaciones
2636,8,Nou Barris,Otras_situaciones
2647,8,Nou Barris,Otras_situaciones
2648,8,Nou Barris,Otras_situaciones
2655,8,Nou Barris,Otras_situaciones
2685,8,Nou Barris,Otras_situaciones
2701,8,Nou Barris,Otras_situaciones
2737,8,Nou Barris,Otras_situaciones
2767,8,Nou Barris,Otras_situaciones
2768,8,Nou Barris,Otras_situaciones
2832,8,Nou Barris,Otras_situaciones
2839,8,Nou Barris,Otras_situaciones
2850,8,Nou Barris,Otras_situaciones
2851,8,Nou Barris,Otras_situaciones
2922,8,Nou Barris,Otras_situaciones
2930,8,Nou Barris,Otras_situaciones
2983,8,Nou Barris,Otras_situaciones
2999,8,Nou Barris,Otras_situaciones
3006,8,Nou Barris,Otras_situaciones
3077,8,Nou Barris,Otras_situaciones
3085,8,Nou Barris,Otras_situaciones
3098,8,Nou Barris,Otras_situaciones
3178,8,Nou Barris,Otras_situaciones
3243,8,Nou Barris,Otras_situaciones
3308,8,Nou Barris,Otras_situaciones
3312,8,Nou Barris,Otras_situaciones
3333,8,Nou Barris,Otras_situaciones
3362,8,Nou Barris,Otras_situaciones
3392,8,Nou Barris,Otras_situaciones
3422,8,Nou Barris,Otras_situaciones
3472,8,Nou Barris,Otras_situaciones
3502,8,Nou Barris,Otras_situaciones
3508,8,Nou Barris,Otras_situaciones
3557,8,Nou Barris,Otras_situaciones
3580,8,Nou Barris,Otras_situaciones
3789,8,Nou Barris,Otras_situaciones
3863,8,Nou Barris,Otras_situaciones
3883,8,Nou Barris,Otras_situaciones
3955,8,Nou Barris,Otras_situaciones
4148,8,Nou Barris,Otras_situaciones
4369,8,Nou Barris,Otras_situaciones
4450,8,Nou Barris,Otras_situaciones
4493,8,Nou Barris,Otras_situaciones
4730,8,Nou Barris,Otras_situaciones
4874,8,Nou Barris,Otras_situaciones
5024,8,Nou Barris,Otras_situaciones
5099,8,Nou Barris,Otras_situaciones
5158,8,Nou Barris,Otras_situaciones
5184,8,Nou Barris,Otras_situaciones
5356,8,Nou Barris,Otras_situaciones
5399,8,Nou Barris,Otras_situaciones
5407,8,Nou Barris,Otras_situaciones
5466,8,Nou Barris,Otras_situaciones
5576,8,Nou Barris,Otras_situaciones
5621,8,Nou Barris,Otras_situaciones
5637,8,Nou Barris,Otras_situaciones
5732,8,Nou Barris,Otras_situaciones
5763,8,Nou Barris,Otras_situaciones
5964,8,Nou Barris,Otras_situaciones
6172,8,Nou Barris,Otras_situaciones
6197,8,Nou Barris,Otras_situaciones
6302,8,Nou Barris,Otras_situaciones
6635,8,Nou Barris,Otras_situaciones
8002,8,Nou Barris,Otras_situaciones
247,9,Sant Andreu,Desempleado
547,9,Sant Andreu,Desempleado
558,9,Sant Andreu,Desempleado
923,9,Sant Andreu,Desempleado
1120,9,Sant Andreu,Desempleado
1148,9,Sant Andreu,Desempleado
1944,9,Sant Andreu,Desempleado
3355,9,Sant Andreu,Desempleado
3569,9,Sant Andreu,Desempleado
3705,9,Sant Andreu,Desempleado
3797,9,Sant Andreu,Desempleado
4535,9,Sant Andreu,Desempleado
5506,9,Sant Andreu,Desempleado
5660,9,Sant Andreu,Desempleado
5842,9,Sant Andreu,Desempleado
6005,9,Sant Andreu,Desempleado
6215,9,Sant Andreu,Desempleado
6219,9,Sant Andreu,Desempleado
8038,9,Sant Andreu,Desempleado
8040,9,Sant Andreu,Desempleado
8053,9,Sant Andreu,Desempleado
8054,9,Sant Andreu,Desempleado
8057,9,Sant Andreu,Desempleado
21,9,Sant Andreu,Ocupado
68,9,Sant Andreu,Ocupado
103,9,Sant Andreu,Ocupado
215,9,Sant Andreu,Ocupado
260,9,Sant Andreu,Ocupado
490,9,Sant Andreu,Ocupado
503,9,Sant Andreu,Ocupado
555,9,Sant Andreu,Ocupado
779,9,Sant Andreu,Ocupado
812,9,Sant Andreu,Ocupado
941,9,Sant Andreu,Ocupado
975,9,Sant Andreu,Ocupado
985,9,Sant Andreu,Ocupado
996,9,Sant Andreu,Ocupado
1143,9,Sant Andreu,Ocupado
1209,9,Sant Andreu,Ocupado
1224,9,Sant Andreu,Ocupado
1243,9,Sant Andreu,Ocupado
1277,9,Sant Andreu,Ocupado
1333,9,Sant Andreu,Ocupado
1357,9,Sant Andreu,Ocupado
1360,9,Sant Andreu,Ocupado
1367,9,Sant Andreu,Ocupado
1411,9,Sant Andreu,Ocupado
1436,9,Sant Andreu,Ocupado
1469,9,Sant Andreu,Ocupado
1486,9,Sant Andreu,Ocupado
1501,9,Sant Andreu,Ocupado
1568,9,Sant Andreu,Ocupado
1596,9,Sant Andreu,Ocupado
1664,9,Sant Andreu,Ocupado
1691,9,Sant Andreu,Ocupado
1700,9,Sant Andreu,Ocupado
1717,9,Sant Andreu,Ocupado
1747,9,Sant Andreu,Ocupado
1979,9,Sant Andreu,Ocupado
1980,9,Sant Andreu,Ocupado
2231,9,Sant Andreu,Ocupado
2271,9,Sant Andreu,Ocupado
2431,9,Sant Andreu,Ocupado
2453,9,Sant Andreu,Ocupado
2523,9,Sant Andreu,Ocupado
2567,9,Sant Andreu,Ocupado
2675,9,Sant Andreu,Ocupado
2713,9,Sant Andreu,Ocupado
2837,9,Sant Andreu,Ocupado
2959,9,Sant Andreu,Ocupado
3511,9,Sant Andreu,Ocupado
3612,9,Sant Andreu,Ocupado
3622,9,Sant Andreu,Ocupado
3694,9,Sant Andreu,Ocupado
3716,9,Sant Andreu,Ocupado
3982,9,Sant Andreu,Ocupado
4041,9,Sant Andreu,Ocupado
4067,9,Sant Andreu,Ocupado
4268,9,Sant Andreu,Ocupado
4280,9,Sant Andreu,Ocupado
4290,9,Sant Andreu,Ocupado
4405,9,Sant Andreu,Ocupado
4408,9,Sant Andreu,Ocupado
4534,9,Sant Andreu,Ocupado
4611,9,Sant Andreu,Ocupado
4633,9,Sant Andreu,Ocupado
4640,9,Sant Andreu,Ocupado
4682,9,Sant Andreu,Ocupado
4836,9,Sant Andreu,Ocupado
5207,9,Sant Andreu,Ocupado
5302,9,Sant Andreu,Ocupado
5323,9,Sant Andreu,Ocupado
5358,9,Sant Andreu,Ocupado
5428,9,Sant Andreu,Ocupado
5481,9,Sant Andreu,Ocupado
5598,9,Sant Andreu,Ocupado
5777,9,Sant Andreu,Ocupado
5880,9,Sant Andreu,Ocupado
6091,9,Sant Andreu,Ocupado
6134,9,Sant Andreu,Ocupado
6550,9,Sant Andreu,Ocupado
6567,9,Sant Andreu,Ocupado
6579,9,Sant Andreu,Ocupado
6692,9,Sant Andreu,Ocupado
6716,9,Sant Andreu,Ocupado
6793,9,Sant Andreu,Ocupado
6866,9,Sant Andreu,Ocupado
6885,9,Sant Andreu,Ocupado
7035,9,Sant Andreu,Ocupado
7075,9,Sant Andreu,Ocupado
7077,9,Sant Andreu,Ocupado
7089,9,Sant Andreu,Ocupado
7175,9,Sant Andreu,Ocupado
8026,9,Sant Andreu,Ocupado
8028,9,Sant Andreu,Ocupado
8032,9,Sant Andreu,Ocupado
8033,9,Sant Andreu,Ocupado
8035,9,Sant Andreu,Ocupado
8036,9,Sant Andreu,Ocupado
8042,9,Sant Andreu,Ocupado
8056,9,Sant Andreu,Ocupado
8058,9,Sant Andreu,Ocupado
401,9,Sant Andreu,Otras_situaciones
412,9,Sant Andreu,Otras_situaciones
513,9,Sant Andreu,Otras_situaciones
661,9,Sant Andreu,Otras_situaciones
733,9,Sant Andreu,Otras_situaciones
859,9,Sant Andreu,Otras_situaciones
1106,9,Sant Andreu,Otras_situaciones
1134,9,Sant Andreu,Otras_situaciones
1151,9,Sant Andreu,Otras_situaciones
1167,9,Sant Andreu,Otras_situaciones
1190,9,Sant Andreu,Otras_situaciones
1238,9,Sant Andreu,Otras_situaciones
1265,9,Sant Andreu,Otras_situaciones
1298,9,Sant Andreu,Otras_situaciones
1304,9,Sant Andreu,Otras_situaciones
1343,9,Sant Andreu,Otras_situaciones
1378,9,Sant Andreu,Otras_situaciones
1678,9,Sant Andreu,Otras_situaciones
1692,9,Sant Andreu,Otras_situaciones
1808,9,Sant Andreu,Otras_situaciones
1905,9,Sant Andreu,Otras_situaciones
2088,9,Sant Andreu,Otras_situaciones
2116,9,Sant Andreu,Otras_situaciones
2168,9,Sant Andreu,Otras_situaciones
2267,9,Sant Andreu,Otras_situaciones
2357,9,Sant Andreu,Otras_situaciones
2358,9,Sant Andreu,Otras_situaciones
2379,9,Sant Andreu,Otras_situaciones
2432,9,Sant Andreu,Otras_situaciones
2594,9,Sant Andreu,Otras_situaciones
2621,9,Sant Andreu,Otras_situaciones
2771,9,Sant Andreu,Otras_situaciones
3284,9,Sant Andreu,Otras_situaciones
3292,9,Sant Andreu,Otras_situaciones
3345,9,Sant Andreu,Otras_situaciones
3372,9,Sant Andreu,Otras_situaciones
3519,9,Sant Andreu,Otras_situaciones
3617,9,Sant Andreu,Otras_situaciones
3618,9,Sant Andreu,Otras_situaciones
3689,9,Sant Andreu,Otras_situaciones
3690,9,Sant Andreu,Otras_situaciones
3798,9,Sant Andreu,Otras_situaciones
4204,9,Sant Andreu,Otras_situaciones
4432,9,Sant Andreu,Otras_situaciones
4460,9,Sant Andreu,Otras_situaciones
4475,9,Sant Andreu,Otras_situaciones
4522,9,Sant Andreu,Otras_situaciones
4771,9,Sant Andreu,Otras_situaciones
5295,9,Sant Andreu,Otras_situaciones
5478,9,Sant Andreu,Otras_situaciones
5709,9,Sant Andreu,Otras_situaciones
6668,9,Sant Andreu,Otras_situaciones
7044,9,Sant Andreu,Otras_situaciones
7142,9,Sant Andreu,Otras_situaciones
8027,9,Sant Andreu,Otras_situaciones
8030,9,Sant Andreu,Otras_situaciones
8043,9,Sant Andreu,Otras_situaciones
354,10,Sant Martí,Desempleado
855,10,Sant Martí,Desempleado
916,10,Sant Martí,Desempleado
935,10,Sant Martí,Desempleado
1045,10,Sant Martí,Desempleado
1056,10,Sant Martí,Desempleado
1158,10,Sant Martí,Desempleado
1180,10,Sant Martí,Desempleado
1257,10,Sant Martí,Desempleado
1329,10,Sant Martí,Desempleado
1345,10,Sant Martí,Desempleado
1462,10,Sant Martí,Desempleado
1473,10,Sant Martí,Desempleado
1709,10,Sant Martí,Desempleado
1739,10,Sant Martí,Desempleado
1777,10,Sant Martí,Desempleado
1815,10,Sant Martí,Desempleado
2272,10,Sant Martí,Desempleado
2294,10,Sant Martí,Desempleado
3420,10,Sant Martí,Desempleado
3953,10,Sant Martí,Desempleado
4024,10,Sant Martí,Desempleado
4267,10,Sant Martí,Desempleado
4574,10,Sant Martí,Desempleado
4751,10,Sant Martí,Desempleado
4819,10,Sant Martí,Desempleado
5480,10,Sant Martí,Desempleado
5560,10,Sant Martí,Desempleado
5870,10,Sant Martí,Desempleado
6171,10,Sant Martí,Desempleado
6418,10,Sant Martí,Desempleado
6851,10,Sant Martí,Desempleado
7297,10,Sant Martí,Desempleado
72,10,Sant Martí,Ocupado
138,10,Sant Martí,Ocupado
153,10,Sant Martí,Ocupado
273,10,Sant Martí,Ocupado
292,10,Sant Martí,Ocupado
324,10,Sant Martí,Ocupado
347,10,Sant Martí,Ocupado
487,10,Sant Martí,Ocupado
517,10,Sant Martí,Ocupado
597,10,Sant Martí,Ocupado
665,10,Sant Martí,Ocupado
708,10,Sant Martí,Ocupado
739,10,Sant Martí,Ocupado
842,10,Sant Martí,Ocupado
870,10,Sant Martí,Ocupado
877,10,Sant Martí,Ocupado
908,10,Sant Martí,Ocupado
938,10,Sant Martí,Ocupado
951,10,Sant Martí,Ocupado
995,10,Sant Martí,Ocupado
1011,10,Sant Martí,Ocupado
1026,10,Sant Martí,Ocupado
1035,10,Sant Martí,Ocupado
1067,10,Sant Martí,Ocupado
1076,10,Sant Martí,Ocupado
1103,10,Sant Martí,Ocupado
1105,10,Sant Martí,Ocupado
1150,10,Sant Martí,Ocupado
1169,10,Sant Martí,Ocupado
1181,10,Sant Martí,Ocupado
1192,10,Sant Martí,Ocupado
1223,10,Sant Martí,Ocupado
1233,10,Sant Martí,Ocupado
1256,10,Sant Martí,Ocupado
1280,10,Sant Martí,Ocupado
1301,10,Sant Martí,Ocupado
1308,10,Sant Martí,Ocupado
1348,10,Sant Martí,Ocupado
1359,10,Sant Martí,Ocupado
1375,10,Sant Martí,Ocupado
1384,10,Sant Martí,Ocupado
1402,10,Sant Martí,Ocupado
1427,10,Sant Martí,Ocupado
1440,10,Sant Martí,Ocupado
1446,10,Sant Martí,Ocupado
1466,10,Sant Martí,Ocupado
1495,10,Sant Martí,Ocupado
1504,10,Sant Martí,Ocupado
1536,10,Sant Martí,Ocupado
1567,10,Sant Martí,Ocupado
1616,10,Sant Martí,Ocupado
1631,10,Sant Martí,Ocupado
1644,10,Sant Martí,Ocupado
1652,10,Sant Martí,Ocupado
1657,10,Sant Martí,Ocupado
1658,10,Sant Martí,Ocupado
1683,10,Sant Martí,Ocupado
1694,10,Sant Martí,Ocupado
1729,10,Sant Martí,Ocupado
1741,10,Sant Martí,Ocupado
1742,10,Sant Martí,Ocupado
1750,10,Sant Martí,Ocupado
1787,10,Sant Martí,Ocupado
1837,10,Sant Martí,Ocupado
1845,10,Sant Martí,Ocupado
1854,10,Sant Martí,Ocupado
1861,10,Sant Martí,Ocupado
1879,10,Sant Martí,Ocupado
1904,10,Sant Martí,Ocupado
1914,10,Sant Martí,Ocupado
1938,10,Sant Martí,Ocupado
1968,10,Sant Martí,Ocupado
1973,10,Sant Martí,Ocupado
2057,10,Sant Martí,Ocupado
2095,10,Sant Martí,Ocupado
2096,10,Sant Martí,Ocupado
2114,10,Sant Martí,Ocupado
2117,10,Sant Martí,Ocupado
2120,10,Sant Martí,Ocupado
2204,10,Sant Martí,Ocupado
2236,10,Sant Martí,Ocupado
2487,10,Sant Martí,Ocupado
2505,10,Sant Martí,Ocupado
2593,10,Sant Martí,Ocupado
2805,10,Sant Martí,Ocupado
2811,10,Sant Martí,Ocupado
2846,10,Sant Martí,Ocupado
2894,10,Sant Martí,Ocupado
2980,10,Sant Martí,Ocupado
3154,10,Sant Martí,Ocupado
3206,10,Sant Martí,Ocupado
3267,10,Sant Martí,Ocupado
3357,10,Sant Martí,Ocupado
3360,10,Sant Martí,Ocupado
3391,10,Sant Martí,Ocupado
3452,10,Sant Martí,Ocupado
3454,10,Sant Martí,Ocupado
3583,10,Sant Martí,Ocupado
3597,10,Sant Martí,Ocupado
3603,10,Sant Martí,Ocupado
3702,10,Sant Martí,Ocupado
3745,10,Sant Martí,Ocupado
4052,10,Sant Martí,Ocupado
4077,10,Sant Martí,Ocupado
4114,10,Sant Martí,Ocupado
4162,10,Sant Martí,Ocupado
4201,10,Sant Martí,Ocupado
4266,10,Sant Martí,Ocupado
4270,10,Sant Martí,Ocupado
4311,10,Sant Martí,Ocupado
4317,10,Sant Martí,Ocupado
4367,10,Sant Martí,Ocupado
4375,10,Sant Martí,Ocupado
4411,10,Sant Martí,Ocupado
4444,10,Sant Martí,Ocupado
4492,10,Sant Martí,Ocupado
4500,10,Sant Martí,Ocupado
4514,10,Sant Martí,Ocupado
4594,10,Sant Martí,Ocupado
4609,10,Sant Martí,Ocupado
4764,10,Sant Martí,Ocupado
4781,10,Sant Martí,Ocupado
4877,10,Sant Martí,Ocupado
4970,10,Sant Martí,Ocupado
4977,10,Sant Martí,Ocupado
5012,10,Sant Martí,Ocupado
5068,10,Sant Martí,Ocupado
5090,10,Sant Martí,Ocupado
5186,10,Sant Martí,Ocupado
5272,10,Sant Martí,Ocupado
5377,10,Sant Martí,Ocupado
5378,10,Sant Martí,Ocupado
5414,10,Sant Martí,Ocupado
5534,10,Sant Martí,Ocupado
5690,10,Sant Martí,Ocupado
5748,10,Sant Martí,Ocupado
5791,10,Sant Martí,Ocupado
5841,10,Sant Martí,Ocupado
6037,10,Sant Martí,Ocupado
6089,10,Sant Martí,Ocupado
6146,10,Sant Martí,Ocupado
6166,10,Sant Martí,Ocupado
6266,10,Sant Martí,Ocupado
6464,10,Sant Martí,Ocupado
6505,10,Sant Martí,Ocupado
6529,10,Sant Martí,Ocupado
6530,10,Sant Martí,Ocupado
6546,10,Sant Martí,Ocupado
6563,10,Sant Martí,Ocupado
6565,10,Sant Martí,Ocupado
6582,10,Sant Martí,Ocupado
6827,10,Sant Martí,Ocupado
6845,10,Sant Martí,Ocupado
6849,10,Sant Martí,Ocupado
7101,10,Sant Martí,Ocupado
7120,10,Sant Martí,Ocupado
7179,10,Sant Martí,Ocupado
7371,10,Sant Martí,Ocupado
7373,10,Sant Martí,Ocupado
7376,10,Sant Martí,Ocupado
7381,10,Sant Martí,Ocupado
7388,10,Sant Martí,Ocupado
8050,10,Sant Martí,Ocupado
113,10,Sant Martí,Otras_situaciones
115,10,Sant Martí,Otras_situaciones
132,10,Sant Martí,Otras_situaciones
242,10,Sant Martí,Otras_situaciones
245,10,Sant Martí,Otras_situaciones
304,10,Sant Martí,Otras_situaciones
310,10,Sant Martí,Otras_situaciones
330,10,Sant Martí,Otras_situaciones
338,10,Sant Martí,Otras_situaciones
370,10,Sant Martí,Otras_situaciones
441,10,Sant Martí,Otras_situaciones
453,10,Sant Martí,Otras_situaciones
485,10,Sant Martí,Otras_situaciones
546,10,Sant Martí,Otras_situaciones
600,10,Sant Martí,Otras_situaciones
801,10,Sant Martí,Otras_situaciones
869,10,Sant Martí,Otras_situaciones
900,10,Sant Martí,Otras_situaciones
1061,10,Sant Martí,Otras_situaciones
1121,10,Sant Martí,Otras_situaciones
1210,10,Sant Martí,Otras_situaciones
1245,10,Sant Martí,Otras_situaciones
1249,10,Sant Martí,Otras_situaciones
1274,10,Sant Martí,Otras_situaciones
1294,10,Sant Martí,Otras_situaciones
1306,10,Sant Martí,Otras_situaciones
1344,10,Sant Martí,Otras_situaciones
1398,10,Sant Martí,Otras_situaciones
1408,10,Sant Martí,Otras_situaciones
1481,10,Sant Martí,Otras_situaciones
1509,10,Sant Martí,Otras_situaciones
1515,10,Sant Martí,Otras_situaciones
1553,10,Sant Martí,Otras_situaciones
1584,10,Sant Martí,Otras_situaciones
1591,10,Sant Martí,Otras_situaciones
1593,10,Sant Martí,Otras_situaciones
1627,10,Sant Martí,Otras_situaciones
1629,10,Sant Martí,Otras_situaciones
1681,10,Sant Martí,Otras_situaciones
1713,10,Sant Martí,Otras_situaciones
1727,10,Sant Martí,Otras_situaciones
1748,10,Sant Martí,Otras_situaciones
1757,10,Sant Martí,Otras_situaciones
1793,10,Sant Martí,Otras_situaciones
1842,10,Sant Martí,Otras_situaciones
1886,10,Sant Martí,Otras_situaciones
1896,10,Sant Martí,Otras_situaciones
1916,10,Sant Martí,Otras_situaciones
1976,10,Sant Martí,Otras_situaciones
2129,10,Sant Martí,Otras_situaciones
2137,10,Sant Martí,Otras_situaciones
2220,10,Sant Martí,Otras_situaciones
2245,10,Sant Martí,Otras_situaciones
2300,10,Sant Martí,Otras_situaciones
2375,10,Sant Martí,Otras_situaciones
2436,10,Sant Martí,Otras_situaciones
2578,10,Sant Martí,Otras_situaciones
2599,10,Sant Martí,Otras_situaciones
2605,10,Sant Martí,Otras_situaciones
2619,10,Sant Martí,Otras_situaciones
2744,10,Sant Martí,Otras_situaciones
2749,10,Sant Martí,Otras_situaciones
2795,10,Sant Martí,Otras_situaciones
2861,10,Sant Martí,Otras_situaciones
2938,10,Sant Martí,Otras_situaciones
2957,10,Sant Martí,Otras_situaciones
2985,10,Sant Martí,Otras_situaciones
3117,10,Sant Martí,Otras_situaciones
3138,10,Sant Martí,Otras_situaciones
3141,10,Sant Martí,Otras_situaciones
3256,10,Sant Martí,Otras_situaciones
3259,10,Sant Martí,Otras_situaciones
3263,10,Sant Martí,Otras_situaciones
3271,10,Sant Martí,Otras_situaciones
3286,10,Sant Martí,Otras_situaciones
3304,10,Sant Martí,Otras_situaciones
3411,10,Sant Martí,Otras_situaciones
3434,10,Sant Martí,Otras_situaciones
3492,10,Sant Martí,Otras_situaciones
3610,10,Sant Martí,Otras_situaciones
3824,10,Sant Martí,Otras_situaciones
4209,10,Sant Martí,Otras_situaciones
4457,10,Sant Martí,Otras_situaciones
4508,10,Sant Martí,Otras_situaciones
4714,10,Sant Martí,Otras_situaciones
4807,10,Sant Martí,Otras_situaciones
5086,10,Sant Martí,Otras_situaciones
5216,10,Sant Martí,Otras_situaciones
5231,10,Sant Martí,Otras_situaciones
6208,10,Sant Martí,Otras_situaciones
6301,10,Sant Martí,Otras_situaciones
7186,10,Sant Martí,Otras_situaciones
7197,10,Sant Martí,Otras_situaciones
7284,10,Sant Martí,Otras_situaciones
7298,10,Sant Martí,Otras_situaciones
7335,10,Sant Martí,Otras_situaciones
